-- MySQL dump 10.13  Distrib 5.5.40, for linux2.6 (x86_64)
--
-- Host: localhost    Database: bmw
-- ------------------------------------------------------
-- Server version	5.5.40-log

/*!40101 SET @OLD_CHARACTER_SET_CLIENT=@@CHARACTER_SET_CLIENT */;
/*!40101 SET @OLD_CHARACTER_SET_RESULTS=@@CHARACTER_SET_RESULTS */;
/*!40101 SET @OLD_COLLATION_CONNECTION=@@COLLATION_CONNECTION */;
/*!40101 SET NAMES utf8 */;
/*!40103 SET @OLD_TIME_ZONE=@@TIME_ZONE */;
/*!40103 SET TIME_ZONE='+00:00' */;
/*!40014 SET @OLD_UNIQUE_CHECKS=@@UNIQUE_CHECKS, UNIQUE_CHECKS=0 */;
/*!40014 SET @OLD_FOREIGN_KEY_CHECKS=@@FOREIGN_KEY_CHECKS, FOREIGN_KEY_CHECKS=0 */;
/*!40101 SET @OLD_SQL_MODE=@@SQL_MODE, SQL_MODE='NO_AUTO_VALUE_ON_ZERO' */;
/*!40111 SET @OLD_SQL_NOTES=@@SQL_NOTES, SQL_NOTES=0 */;

--
-- Table structure for table `bmw_address`
--

DROP TABLE IF EXISTS `bmw_address`;
/*!40101 SET @saved_cs_client     = @@character_set_client */;
/*!40101 SET character_set_client = utf8 */;
CREATE TABLE `bmw_address` (
  `id` int(10) unsigned NOT NULL AUTO_INCREMENT,
  `phone` char(255) NOT NULL,
  `city` char(255) NOT NULL,
  `county` char(255) NOT NULL,
  `address` char(255) NOT NULL,
  `status` enum('0','1') NOT NULL,
  `uid` int(11) NOT NULL,
  `details` char(255) NOT NULL,
  PRIMARY KEY (`id`)
) ENGINE=InnoDB AUTO_INCREMENT=23 DEFAULT CHARSET=utf8;
/*!40101 SET character_set_client = @saved_cs_client */;

--
-- Dumping data for table `bmw_address`
--

LOCK TABLES `bmw_address` WRITE;
/*!40000 ALTER TABLE `bmw_address` DISABLE KEYS */;
INSERT INTO `bmw_address` VALUES (2,'13051404971','北京市','西城区','东八戒','1',0,''),(3,'13467264262','北京市','西城区','你家后院','1',0,''),(4,'123214234','北京市','西城区','1234234234','1',0,''),(6,'aaaaaaaa','天津市','和平区','aaaaaaaaaa','1',0,''),(7,'aaaaaa','天津市','河东区','aaa','1',0,''),(8,'ddddd','北京市','东城区','dddddddddddd','1',0,''),(9,'aaa','北京市','东城区','wwwww','1',0,''),(10,'','市','县','','1',0,''),(11,'s1111111','上海市','黄浦区','dsadsasfa','1',0,''),(12,'dsfsadf','天津市','河东区','sdfsfsa','1',0,''),(13,'rrweqr','天津市','河东区','ewrwer','1',0,''),(14,'13051404971','市','县','北京市昌平区回龙观-地铁站','1',0,''),(15,'13051404971','北京市','西城区','北京市海淀区啊哈哈餐吧','1',0,''),(16,'','天津市','天津市','河东区','1',0,''),(18,'13051404971','天津市','天津市','河北区','1',0,'啦咯啦咯啦咯了'),(19,'13051404971','北京市','东城区','北京市朝阳区吧友网咖','1',0,''),(20,'15652943774','天津市','天津市','和平区','1',0,'天津'),(21,'15652943774','重庆市','重庆市','江北区','0',0,'谷歌'),(22,'15811551598','天津市','和平区','北京市地铁10号线','0',0,'');
/*!40000 ALTER TABLE `bmw_address` ENABLE KEYS */;
UNLOCK TABLES;

--
-- Table structure for table `bmw_admin`
--

DROP TABLE IF EXISTS `bmw_admin`;
/*!40101 SET @saved_cs_client     = @@character_set_client */;
/*!40101 SET character_set_client = utf8 */;
CREATE TABLE `bmw_admin` (
  `id` int(10) unsigned NOT NULL AUTO_INCREMENT,
  `username` char(255) NOT NULL,
  `password` char(255) NOT NULL,
  `auth` enum('2','1','0') NOT NULL DEFAULT '0',
  `phone` char(255) NOT NULL,
  PRIMARY KEY (`id`)
) ENGINE=InnoDB AUTO_INCREMENT=13 DEFAULT CHARSET=utf8;
/*!40101 SET character_set_client = @saved_cs_client */;

--
-- Dumping data for table `bmw_admin`
--

LOCK TABLES `bmw_admin` WRITE;
/*!40000 ALTER TABLE `bmw_admin` DISABLE KEYS */;
INSERT INTO `bmw_admin` VALUES (1,'admin','21232f297a57a5a743894a0e4a801fc3','0','13051404971'),(2,'cheng','89975c5e5d407916e8080d137c48ddd7','0','12345678'),(3,'huo','1bcd1a24bb25d7633312faf05a3e3d64','0','34324331'),(4,'guo','e2ac255ade95b9268571eb5baf345974','0','431234321'),(5,'zhao','77e6789426d131e4d862ecac4c7d0c5d','0','2354326426'),(6,'1223','d41d8cd98f00b204e9800998ecf8427e','0','213213');
/*!40000 ALTER TABLE `bmw_admin` ENABLE KEYS */;
UNLOCK TABLES;

--
-- Table structure for table `bmw_auth_group`
--

DROP TABLE IF EXISTS `bmw_auth_group`;
/*!40101 SET @saved_cs_client     = @@character_set_client */;
/*!40101 SET character_set_client = utf8 */;
CREATE TABLE `bmw_auth_group` (
  `id` mediumint(8) unsigned NOT NULL AUTO_INCREMENT,
  `title` char(100) NOT NULL DEFAULT '',
  `status` tinyint(1) NOT NULL DEFAULT '1',
  `rules` char(255) NOT NULL,
  PRIMARY KEY (`id`)
) ENGINE=MyISAM AUTO_INCREMENT=3 DEFAULT CHARSET=utf8;
/*!40101 SET character_set_client = @saved_cs_client */;

--
-- Dumping data for table `bmw_auth_group`
--

LOCK TABLES `bmw_auth_group` WRITE;
/*!40000 ALTER TABLE `bmw_auth_group` DISABLE KEYS */;
INSERT INTO `bmw_auth_group` VALUES (1,'',1,'1,2,3,4,5,6,7,8,9,10,11,12,13,14,15,16,17,18,19,20,21,22,23,24,25,26,27,28,29,30,31,32,33,34,35,36,37,38,39,40,41,42,43,44,45,46,47,48,49,50,51,52,53,54,55,56,57,58,59,60,61,62,63,64,65,66,67,68,69,70'),(2,'',1,'1,11,12,13,14,15,16,17,26,37,38,39,58,59,60,61,62,63,64,65,66,67,68,69,70');
/*!40000 ALTER TABLE `bmw_auth_group` ENABLE KEYS */;
UNLOCK TABLES;

--
-- Table structure for table `bmw_auth_group_access`
--

DROP TABLE IF EXISTS `bmw_auth_group_access`;
/*!40101 SET @saved_cs_client     = @@character_set_client */;
/*!40101 SET character_set_client = utf8 */;
CREATE TABLE `bmw_auth_group_access` (
  `uid` mediumint(8) unsigned NOT NULL,
  `group_id` mediumint(8) unsigned NOT NULL,
  UNIQUE KEY `uid_group_id` (`uid`,`group_id`),
  KEY `uid` (`uid`),
  KEY `group_id` (`group_id`)
) ENGINE=MyISAM DEFAULT CHARSET=utf8;
/*!40101 SET character_set_client = @saved_cs_client */;

--
-- Dumping data for table `bmw_auth_group_access`
--

LOCK TABLES `bmw_auth_group_access` WRITE;
/*!40000 ALTER TABLE `bmw_auth_group_access` DISABLE KEYS */;
INSERT INTO `bmw_auth_group_access` VALUES (1,1),(2,2),(3,2),(4,2),(5,2),(6,2),(7,2),(8,1),(9,1),(10,1),(11,1),(12,1);
/*!40000 ALTER TABLE `bmw_auth_group_access` ENABLE KEYS */;
UNLOCK TABLES;

--
-- Table structure for table `bmw_auth_rule`
--

DROP TABLE IF EXISTS `bmw_auth_rule`;
/*!40101 SET @saved_cs_client     = @@character_set_client */;
/*!40101 SET character_set_client = utf8 */;
CREATE TABLE `bmw_auth_rule` (
  `id` mediumint(8) unsigned NOT NULL AUTO_INCREMENT,
  `name` char(80) NOT NULL DEFAULT '',
  `title` char(20) NOT NULL DEFAULT '',
  `type` tinyint(1) NOT NULL DEFAULT '1',
  `status` tinyint(1) NOT NULL DEFAULT '1',
  `condition` char(100) NOT NULL DEFAULT '',
  PRIMARY KEY (`id`),
  UNIQUE KEY `name` (`name`)
) ENGINE=MyISAM AUTO_INCREMENT=80 DEFAULT CHARSET=utf8;
/*!40101 SET character_set_client = @saved_cs_client */;

--
-- Dumping data for table `bmw_auth_rule`
--

LOCK TABLES `bmw_auth_rule` WRITE;
/*!40000 ALTER TABLE `bmw_auth_rule` DISABLE KEYS */;
INSERT INTO `bmw_auth_rule` VALUES (1,'User/home','主页',1,1,''),(2,'User/userList','用户列表页',1,1,''),(3,'User/userAdd','添加用户',1,1,''),(4,'User/insert','添加用户',1,1,''),(5,'User/mod','修改用户',1,1,''),(6,'User/update','修改用户',1,1,''),(7,'User/del','删除用户',1,1,''),(8,'User/auth','用户权限设置',1,1,''),(9,'User/authupdate','用户权限设置',1,1,''),(10,'User/search','搜索分页',1,1,''),(11,'Order/orderList','订单列表',1,1,''),(12,'Order/orderRecyclebin','订单回收站',1,1,''),(13,'Order/deletea','订单操作日志',1,1,''),(14,'Order/updatea','修改订单',1,1,''),(15,'Order/updatec','修改订单',1,1,''),(16,'Order/updateb','修改订单',1,1,''),(17,'Order/deleteb','订单操作日志',1,1,''),(18,'Config/configRoutine','',1,1,''),(19,'Config/doconfig','',1,1,''),(20,'Config/configLinks','',1,1,''),(21,'Config/dolinks','',1,1,''),(22,'Config/configLogo','',1,1,''),(23,'Config/dologo','',1,1,''),(24,'Config/configStatus','',1,1,''),(25,'Config/dostatus','',1,1,''),(26,'Evaluation/evaluationList','评价',1,1,''),(27,'Indent/indentList','',1,1,''),(28,'LinksList/index','友情链接列表',1,1,''),(29,'LinksList/del','删除友情链接',1,1,''),(30,'LinksList/mod','修改友情链接',1,1,''),(31,'LinksList/update','修改友情链接',1,1,''),(32,'Log/logList','日志列表',1,1,''),(33,'Log/delete','删除日志',1,1,''),(34,'Message/messageList','',1,1,''),(35,'Message/update','',1,1,''),(36,'Message/updata','',1,1,''),(37,'Scheduling/SchedulingList','',1,1,''),(38,'Scheduling/Completed','',1,1,''),(39,'Scheduling/update','',1,1,''),(40,'Service/carList','',1,1,''),(41,'Service/ajax','',1,1,''),(42,'Service/brandList','',1,1,''),(43,'Service/insert','',1,1,''),(44,'Service/addBrand','',1,1,''),(45,'Service/delBrand','',1,1,''),(46,'Service/addSeries','',1,1,''),(47,'Service/add_Series','',1,1,''),(48,'Service/Models','',1,1,''),(49,'Service/addModels','',1,1,''),(50,'Service/keepProjectList','',1,1,''),(51,'Service/delService','',1,1,''),(52,'Service/insertService','',1,1,''),(53,'Service/priceList','',1,1,''),(54,'Service/ajaxPrice','',1,1,''),(55,'Service/ajaxAction','',1,1,''),(56,'Service/updatePrice','',1,1,''),(57,'Service/update','',1,1,''),(58,'Wechat/Wechat','',1,1,''),(59,'Wechat/insert','',1,1,''),(60,'Wechat/mod','',1,1,''),(61,'Wechat/add','',1,1,''),(62,'Wechat/imageRely','',1,1,''),(63,'Wechat/relyList','',1,1,''),(64,'Wechat/update','',1,1,''),(65,'Wechat/del','',1,1,''),(66,'Wechat/subscribe','',1,1,''),(67,'Wechat/modcontent','',1,1,''),(68,'Wechat/customer','',1,1,''),(69,'Wechat/crely','',1,1,''),(70,'Wechat/dorely','',1,1,'');
/*!40000 ALTER TABLE `bmw_auth_rule` ENABLE KEYS */;
UNLOCK TABLES;

--
-- Table structure for table `bmw_brand`
--

DROP TABLE IF EXISTS `bmw_brand`;
/*!40101 SET @saved_cs_client     = @@character_set_client */;
/*!40101 SET character_set_client = utf8 */;
CREATE TABLE `bmw_brand` (
  `id` int(10) unsigned NOT NULL AUTO_INCREMENT,
  `brands` char(255) NOT NULL,
  PRIMARY KEY (`id`)
) ENGINE=InnoDB AUTO_INCREMENT=7 DEFAULT CHARSET=utf8;
/*!40101 SET character_set_client = @saved_cs_client */;

--
-- Dumping data for table `bmw_brand`
--

LOCK TABLES `bmw_brand` WRITE;
/*!40000 ALTER TABLE `bmw_brand` DISABLE KEYS */;
INSERT INTO `bmw_brand` VALUES (1,'宝马'),(2,'奥迪');
/*!40000 ALTER TABLE `bmw_brand` ENABLE KEYS */;
UNLOCK TABLES;

--
-- Table structure for table `bmw_config`
--

DROP TABLE IF EXISTS `bmw_config`;
/*!40101 SET @saved_cs_client     = @@character_set_client */;
/*!40101 SET character_set_client = utf8 */;
CREATE TABLE `bmw_config` (
  `id` int(10) unsigned NOT NULL AUTO_INCREMENT,
  `logo` char(255) NOT NULL DEFAULT 'example/cyan_hawk.jpg',
  `keywords` text NOT NULL,
  `description` text NOT NULL,
  `copyright` char(255) NOT NULL,
  `title` char(255) NOT NULL,
  `status` enum('0','1') NOT NULL DEFAULT '0',
  PRIMARY KEY (`id`)
) ENGINE=InnoDB AUTO_INCREMENT=2 DEFAULT CHARSET=utf8;
/*!40101 SET character_set_client = @saved_cs_client */;

--
-- Dumping data for table `bmw_config`
--

LOCK TABLES `bmw_config` WRITE;
/*!40000 ALTER TABLE `bmw_config` DISABLE KEYS */;
INSERT INTO `bmw_config` VALUES (1,'./Uploads/2015-03-25/5512d1f22e6a4.jpg',' 宝马保养|汽车保养|汽车售后服务|在线宝马汽车保养','本网站致力于为广大的有车一族提供便捷的上门保养服务，服务项目：更换机油、滤芯、空滤以及空调滤；提供全车32项检查，简介：为客户提供便捷、专注、可靠的汽车保养服务','陕ICP备14008245号','宝马保养服务网站','0');
/*!40000 ALTER TABLE `bmw_config` ENABLE KEYS */;
UNLOCK TABLES;

--
-- Table structure for table `bmw_imagerely`
--

DROP TABLE IF EXISTS `bmw_imagerely`;
/*!40101 SET @saved_cs_client     = @@character_set_client */;
/*!40101 SET character_set_client = utf8 */;
CREATE TABLE `bmw_imagerely` (
  `id` int(10) unsigned NOT NULL AUTO_INCREMENT,
  `keyword` varchar(255) CHARACTER SET utf8 NOT NULL,
  `title` varchar(255) CHARACTER SET utf8 NOT NULL,
  `imageurl` varchar(255) NOT NULL,
  `url` varchar(255) NOT NULL,
  `description` text CHARACTER SET utf8 NOT NULL,
  PRIMARY KEY (`id`)
) ENGINE=InnoDB AUTO_INCREMENT=6 DEFAULT CHARSET=latin1;
/*!40101 SET character_set_client = @saved_cs_client */;

--
-- Dumping data for table `bmw_imagerely`
--

LOCK TABLES `bmw_imagerely` WRITE;
/*!40000 ALTER TABLE `bmw_imagerely` DISABLE KEYS */;
INSERT INTO `bmw_imagerely` VALUES (3,'4','fadsfasdfasd','sdfdsafadsfdsa','sdfdasfdsaf','dsafsdafdsaffffffffffffffffffffffffffffffffffffffffffffffffffff'),(4,'2','sdADadasDASdaSDSA','asdaSDSAdasDSAdas','SAdasDAsdASDsadasDAS','XXVSDFSDFFWAFETERTBSFDGFAD'),(5,'图片','我的图片','http://a.hiphotos.baidu.com/zhidao/wh%3D600%2C800/sign=9171d52e37d3d539c16807c50ab7c568/267f9e2f0708283847ab29c4b999a9014d08f1b8.jpg','http://121.42.31.5/bmw/','文字介绍');
/*!40000 ALTER TABLE `bmw_imagerely` ENABLE KEYS */;
UNLOCK TABLES;

--
-- Table structure for table `bmw_links`
--

DROP TABLE IF EXISTS `bmw_links`;
/*!40101 SET @saved_cs_client     = @@character_set_client */;
/*!40101 SET character_set_client = utf8 */;
CREATE TABLE `bmw_links` (
  `id` int(10) unsigned NOT NULL AUTO_INCREMENT,
  `links` char(255) NOT NULL,
  `links_id` char(255) NOT NULL,
  PRIMARY KEY (`id`)
) ENGINE=InnoDB AUTO_INCREMENT=386 DEFAULT CHARSET=utf8;
/*!40101 SET character_set_client = @saved_cs_client */;

--
-- Dumping data for table `bmw_links`
--

LOCK TABLES `bmw_links` WRITE;
/*!40000 ALTER TABLE `bmw_links` DISABLE KEYS */;
INSERT INTO `bmw_links` VALUES (8,'www.newszj.com.cn','浙江新闻网'),(9,'www.yunyu51.com','母婴孕育网'),(14,'www.google.cn','谷歌'),(378,'www.newszj.com.cn','娱乐新闻网'),(381,'www.newszj.com','浙江新闻网'),(382,'www.i363.com','爱363游戏网'),(383,'www.lampbrother.net','兄弟连官网'),(384,'www.xingtai123.com','邢台123'),(385,'dddddd','baidu');
/*!40000 ALTER TABLE `bmw_links` ENABLE KEYS */;
UNLOCK TABLES;

--
-- Table structure for table `bmw_log`
--

DROP TABLE IF EXISTS `bmw_log`;
/*!40101 SET @saved_cs_client     = @@character_set_client */;
/*!40101 SET character_set_client = utf8 */;
CREATE TABLE `bmw_log` (
  `id` int(10) unsigned NOT NULL AUTO_INCREMENT,
  `username` char(255) NOT NULL,
  `log` text NOT NULL,
  PRIMARY KEY (`id`)
) ENGINE=InnoDB AUTO_INCREMENT=59 DEFAULT CHARSET=utf8;
/*!40101 SET character_set_client = @saved_cs_client */;

--
-- Dumping data for table `bmw_log`
--

LOCK TABLES `bmw_log` WRITE;
/*!40000 ALTER TABLE `bmw_log` DISABLE KEYS */;
INSERT INTO `bmw_log` VALUES (43,'名字','名字在订单表里把id为2的数据更改了'),(44,'admin','admin把id为2的保养日期从2015-03-26更改成2001-01-01 00:00:00了服务车从1更改成6了保养状态从已评价更改成了'),(45,'admin','admin在订单表里把id为2的数据加入回收站了'),(46,'admin','admin在订单表里把id为1的数据彻底删除了'),(47,'admin','admin把id为2的保养状态从已取消更改成了'),(48,'admin','admin把id为6的服务车从1更改成6了保养状态从已取消更改成了'),(49,'admin','admin把id为7的服务车从1更改成0了保养状态从已付款更改成已提交了'),(50,'admin','admin把id为17的服务车从1更改成0了保养状态从已完成更改成已提交了'),(51,'admin','admin把id为4的保养日期从2015-03-26更改成2001-01-01 00:00:00了服务车从1更改成2了'),(52,'admin','admin把id为7的保养日期从2015-03-26更改成1980-05-28了保养时间从08:00-10:00更改成10:00-12:00了保养状态从已评价更改成已付款了'),(53,'admin','admin把id为8的保养日期从2015-03-26更改成1980-05-12了保养时间从08:00-10:00更改成14:00-16:00了服务车从1更改成0了保养状态从已评价更改成已提交了'),(54,'admin','admin把id为9的保养日期从2015-03-26更改成1980-05-20了保养时间从08:00-10:00更改成12:00-14:00了服务车从1更改成0了保养状态从已评价更改成已提交了'),(55,'admin','admin在订单表里把id为4的数据加入回收站了'),(56,'admin','admin把id为11的服务车从2更改成5了保养状态从已评价更改成已提交了'),(57,'admin','admin把id为25的服务车从3更改成0了保养状态从已评价更改成已提交了'),(58,'admin','admin把id为20的服务车从3更改成0了保养状态从已评价更改成已提交了');
/*!40000 ALTER TABLE `bmw_log` ENABLE KEYS */;
UNLOCK TABLES;

--
-- Table structure for table `bmw_models`
--

DROP TABLE IF EXISTS `bmw_models`;
/*!40101 SET @saved_cs_client     = @@character_set_client */;
/*!40101 SET character_set_client = utf8 */;
CREATE TABLE `bmw_models` (
  `id` int(10) unsigned NOT NULL AUTO_INCREMENT,
  `model` char(255) NOT NULL,
  `sid` int(11) NOT NULL,
  PRIMARY KEY (`id`)
) ENGINE=InnoDB AUTO_INCREMENT=8 DEFAULT CHARSET=utf8;
/*!40101 SET character_set_client = @saved_cs_client */;

--
-- Dumping data for table `bmw_models`
--

LOCK TABLES `bmw_models` WRITE;
/*!40000 ALTER TABLE `bmw_models` DISABLE KEYS */;
INSERT INTO `bmw_models` VALUES (1,'220i\r\n',1),(3,'435i xDrive\r\n',3),(4,'528i\r\n',4),(5,'740Li\r\n',5),(6,'M5\r\n',6),(7,'sDrive 23i\r\n',7);
/*!40000 ALTER TABLE `bmw_models` ENABLE KEYS */;
UNLOCK TABLES;

--
-- Table structure for table `bmw_order`
--

DROP TABLE IF EXISTS `bmw_order`;
/*!40101 SET @saved_cs_client     = @@character_set_client */;
/*!40101 SET character_set_client = utf8 */;
CREATE TABLE `bmw_order` (
  `id` int(10) unsigned NOT NULL AUTO_INCREMENT,
  `status` enum('已评价','已取消','已付款','已完成','已出发','已确认','已提交') DEFAULT '已提交',
  `combo` text NOT NULL,
  `brand` varchar(64) NOT NULL,
  `series` varchar(64) NOT NULL,
  `models` varchar(64) NOT NULL,
  `keep_time` varchar(63) NOT NULL,
  `LPN` varchar(12) DEFAULT NULL,
  `vin` char(255) DEFAULT NULL,
  `ctime` char(255) NOT NULL,
  `sid` int(6) NOT NULL,
  `date` char(255) NOT NULL,
  `texts` varchar(255) DEFAULT NULL,
  `evaluate` char(255) NOT NULL,
  `phone` varchar(14) NOT NULL,
  `price` int(11) NOT NULL,
  `uid` int(11) NOT NULL,
  `message` text,
  `star` enum('无评价','非常差','一般','有待提高','非常满意','满意') NOT NULL,
  PRIMARY KEY (`id`)
) ENGINE=InnoDB AUTO_INCREMENT=32 DEFAULT CHARSET=utf8;
/*!40101 SET character_set_client = @saved_cs_client */;

--
-- Dumping data for table `bmw_order`
--

LOCK TABLES `bmw_order` WRITE;
/*!40000 ALTER TABLE `bmw_order` DISABLE KEYS */;
INSERT INTO `bmw_order` VALUES (2,'已取消','1,2,3','宝马','车系','车型','08:00-10:00','晋88888','127213','2015-03-17 15:14:56',1,'2015-03-26','备注','非常满意','22222222222',66666,0,NULL,'无评价'),(3,'已取消','1,2,3','宝马','车系','车型','14:00-16:00','晋88888','127213','2015-03-17 15:14:56',6,'2001-01-01 00:00:00','备注','非常满意','13515263517',11111,0,NULL,'无评价'),(4,'已取消','1,2,3','宝马','车系','车型','08:00-10:00','晋88888','127213','2015-03-17 15:14:56',1,'2015-03-26','备注','非常满意','13515263517',11111,0,NULL,'无评价'),(6,'已取消','1,2,3','宝马','车系','车型','12:00-14:00','晋88888','127213','2015-03-17 15:14:56',1,'2001-01-01 00:00:00','备注','非常满意','11111111111',11111,0,NULL,'无评价'),(7,'已评价','dasdaa','宝马','BMW7系四门轿车（2009年之前上市）','740Li','08:00-10:00','晋M66666','1234567','2015-03-10 22:52:22',1,'2015-03-26','热鹅鹅鹅','','15652943774',4623,0,NULL,'无评价'),(8,'已评价','','宝马','BMW3系 四门轿车(自2012年上市)','320i','08:00-10:00','11111','11111','2015-03-11 12:02:50',2,'2015-03-26','啊实打实','','13467264262',200,0,NULL,'无评价'),(9,'已评价','','宝马','BMW 2系 双门轿车','220i','08:00-10:00','123423','1234123','2015-03-11 20:47:18',3,'2015-03-26','12341234234','','123214234',11948,0,NULL,'无评价'),(10,'已提交','','宝马','BMW5系旅行轿车（2010年之前上市）','528i','08:00-10:00','','','2015-03-11 20:50:59',4,'1980-05-06','','','',9950,0,NULL,'无评价'),(11,'已评价','','宝马','BMW3系 四门轿车(自2012年上市)','320i','08:00-10:00','aaaaaaaaaaaa','aaaaaaaaaaaaaaaaaa','2015-03-13 15:29:48',2,'2015-03-05','aaaaaaaaaaaaaaa','','aaaaaaaa',5526,0,NULL,'无评价'),(12,'已提交','','宝马','BMW3系 四门轿车(自2012年上市)','320i','08:00-10:00','aaaaaaaaaaaa','aaaaaaaaaaaaaa','2015-03-13 15:34:30',6,'2015-03-05','aaaaaaa','','aaaaaa',1724,0,NULL,'无评价'),(13,'已提交','机油机滤/微尘滤清器','宝马','BMW3系 四门轿车(自2012年上市)','320i','08:00-10:00','dddd','dd','2015-03-13 15:35:23',1,'2015-03-05','dddddd','','ddddd',1724,0,NULL,'无评价'),(14,'已提交','机油机滤/微尘滤清器/后部制动片','宝马','BMW3系 四门轿车(自2012年上市)','320i','08:00-10:00','aaaaaaaaaaaa','aaaaaaaaaaaaaaaa','2015-03-13 16:02:01',2,'2015-03-05','wwwwwwwwwwwwwww','','aaa',3202,0,NULL,'无评价'),(15,'已提交','后部制动盘及制动片/前部制动片','宝马','BMW 4系 双门轿跑车','435i xDrive','请选择时间','','','2015-03-16 18:28:52',3,'2015-03-11','','','',6499,0,NULL,'无评价'),(16,'已提交','后部制动片/前部制动片','宝马','BMW Z4敞篷跑车','sDrive 23i','10:00-12:00','11111111','111111111','2015-03-16 18:49:40',4,'2015-03-16','wedwqE','','s1111111',2157,0,NULL,'无评价'),(17,'已完成','','宝马','BMW3系 四门轿车(自2012年上市)','320i','12:00-14:00','11111','11111','2015-03-17 14:41:10',5,'1980-05-29',NULL,'','11111111',1959,0,'dfdsafdasfsadfdsaf','无评价'),(18,'已提交','后部制动片/后部制动盘及制动片/前部制动片/前部制动盘及制动片','宝马','BMW3系 四门轿车(自2012年上市)','320i','08:00-10:00','fdsafdsa','sdfsdafsda','2015-03-17 23:46:20',6,'2015-03-18','sdfsdafsda','','dsfsadf',10751,0,NULL,'无评价'),(19,'已提交','后部制动片/后部制动盘及制动片/前部制动盘及制动片/车辆检查','宝马','BMW3系 四门轿车(自2012年上市)','320i','10:00-12:00','ewrwqr','werweqrwe','2015-03-17 23:49:24',0,'2015-03-02','rwerew','','rrweqr',9014,0,NULL,'无评价'),(20,'已评价','后部制动片/后部制动盘及制动片/前部制动片','宝马','BMW5系旅行轿车（2010年之前上市）','528i','10:00-12:00','Z12356','发送到','2015-03-20 16:45:19',3,'2015-03-18','奋斗的所得税法','','13051404971',7757,0,NULL,'无评价'),(21,'已提交','后部制动盘及制动片','宝马','BMW3系 四门轿车(自2012年上市)','320i','14:00-16:00','Z12356','K12345','2015-03-20 16:50:47',0,'2015-03-25','奋斗的所得税法','','13051404971',3489,0,NULL,'无评价'),(22,'已评价','','宝马','BMW5系旅行轿车（2010年之前上市）','528i','10:00-12:00','Z12356','发送到','2015-03-20 20:45:13',0,'1980-05-13',NULL,'','13051404971',599,0,'','非常满意'),(23,'已提交','','宝马','BMW5系旅行轿车（2010年之前上市）','528i','12:00-14:00','Z12356','发送到','2015-03-20 20:45:59',0,'1980-05-05',NULL,'','13051404971',1228,0,'','无评价'),(24,'已提交','','宝马','BMW5系旅行轿车（2010年之前上市）','528i','12:00-14:00','Z12356','发送到','2015-03-20 20:47:16',0,'1980-05-13',NULL,'','13051404971',259,0,'','无评价'),(25,'已评价','','宝马','BMW5系旅行轿车（2010年之前上市）','528i','10:00-12:00','Z12356','发送到','2015-03-20 20:47:49',3,'1980-05-12',NULL,'','13051404971',668,0,'','无评价'),(26,'已提交','','宝马','BMW5系旅行轿车（2010年之前上市）','528i','12:00-14:00','Z12356','发送到','2015-03-20 20:48:27',0,'1980-05-13',NULL,'','13051404971',599,0,'','无评价'),(27,'已提交','机油机滤/微尘滤清器/后部制动盘及制动片/火花塞/空气滤清器','宝马','BMW5系旅行轿车（2010年之前上市）','528i','12:00-14:00','Z12356','发送到','2015-03-24 20:04:30',0,'2015-03-26',NULL,'','13051404971',7254,0,'dfsdfsdfdsfsd','无评价'),(28,'已提交','后部制动片/前部制动片/火花塞','宝马','BMW5系旅行轿车（2010年之前上市）','528i','14:00-16:00','Z12356','22222','2015-03-24 21:52:11',0,'2015-03-26',NULL,'','13051404971',4640,0,'啦咯啦咯啦咯','无评价'),(29,'已取消','后部制动盘及制动片/前部制动片/前部制动盘及制动片','宝马','BMW 2系 双门轿车','220i','08:00-10:00','M12345','1111111','2015-03-25 16:00:50',0,'2015-03-25','1111111111','','13051404971',9911,0,NULL,'无评价'),(30,'已评价','机油机滤/微尘滤清器/后部制动片','宝马','BMW7系四门轿车（2009年之前上市）','740Li','10:00-12:00','晋M66666','1234567','2015-03-25 23:06:32',0,'2015-03-25',NULL,'您的服务不错','15652943774',4623,0,'可很快就会加快','非常满意'),(31,'已提交','后部制动片/后部制动盘及制动片/前部制动片','宝马','BMW 2系 双门轿车','220i','08:00-10:00','M11111','1111111','2015-03-25 23:40:55',0,'2015-03-25','11111111111','','15811551598',7156,0,NULL,'无评价');
/*!40000 ALTER TABLE `bmw_order` ENABLE KEYS */;
UNLOCK TABLES;

--
-- Table structure for table `bmw_price`
--

DROP TABLE IF EXISTS `bmw_price`;
/*!40101 SET @saved_cs_client     = @@character_set_client */;
/*!40101 SET character_set_client = utf8 */;
CREATE TABLE `bmw_price` (
  `id` int(11) unsigned NOT NULL AUTO_INCREMENT,
  `brand` varchar(255) NOT NULL,
  `series` varchar(255) NOT NULL,
  `models` varchar(255) NOT NULL,
  `combo` varchar(255) NOT NULL,
  `low_price` int(11) NOT NULL DEFAULT '0',
  `high_price` int(11) NOT NULL DEFAULT '0',
  PRIMARY KEY (`id`)
) ENGINE=InnoDB AUTO_INCREMENT=1136 DEFAULT CHARSET=utf8;
/*!40101 SET character_set_client = @saved_cs_client */;

--
-- Dumping data for table `bmw_price`
--

LOCK TABLES `bmw_price` WRITE;
/*!40000 ALTER TABLE `bmw_price` DISABLE KEYS */;
INSERT INTO `bmw_price` VALUES (1,'宝马','BMW Z4敞篷跑车','sDrive 23i','机油机滤',1161,0),(2,'宝马','BMW Z4敞篷跑车','sDrive 23i','微尘滤清器',437,556),(3,'宝马','BMW Z4敞篷跑车','sDrive 23i','后部制动片',1694,0),(4,'宝马','BMW Z4敞篷跑车','sDrive 23i','后部制动盘及制动片',3197,0),(5,'宝马','BMW Z4敞篷跑车','sDrive 23i','前部制动片',1957,0),(6,'宝马','BMW Z4敞篷跑车','sDrive 23i','前部制动盘及制动片',3550,0),(7,'宝马','BMW Z4敞篷跑车','sDrive 23i','火花塞',1367,1428),(8,'宝马','BMW Z4敞篷跑车','sDrive 23i','车辆检查',222,0),(9,'宝马','BMW Z4敞篷跑车','sDrive 23i','空气滤清器',328,0),(10,'宝马','BMW Z4敞篷跑车','sDrive 23i','雨刮片',490,0),(11,'宝马','BMW Z4敞篷跑车','sDrive 30i','机油机滤',1161,0),(12,'宝马','BMW Z4敞篷跑车','sDrive 30i','微尘滤清器',437,556),(13,'宝马','BMW Z4敞篷跑车','sDrive 30i','后部制动片',1694,0),(14,'宝马','BMW Z4敞篷跑车','sDrive 30i','后部制动盘及制动片',3197,0),(15,'宝马','BMW Z4敞篷跑车','sDrive 30i','前部制动片',1957,0),(16,'宝马','BMW Z4敞篷跑车','sDrive 30i','前部制动盘及制动片',4390,0),(17,'宝马','BMW Z4敞篷跑车','sDrive 30i','火花塞',1367,1428),(18,'宝马','BMW Z4敞篷跑车','sDrive 30i','车辆检查',222,0),(19,'宝马','BMW Z4敞篷跑车','sDrive 30i','空气滤清器',328,0),(20,'宝马','BMW Z4敞篷跑车','sDrive 30i','雨刮片',490,0),(21,'宝马','BMW Z4敞篷跑车','sDrive 35i','机油机滤',1161,0),(22,'宝马','BMW Z4敞篷跑车','sDrive 35i','微尘滤清器',437,556),(23,'宝马','BMW Z4敞篷跑车','sDrive 35i','后部制动片',1809,0),(24,'宝马','BMW Z4敞篷跑车','sDrive 35i','后部制动盘及制动片',3522,0),(25,'宝马','BMW Z4敞篷跑车','sDrive 35i','前部制动片',1957,0),(26,'宝马','BMW Z4敞篷跑车','sDrive 35i','前部制动盘及制动片',5286,0),(27,'宝马','BMW Z4敞篷跑车','sDrive 35i','火花塞',1367,1428),(28,'宝马','BMW Z4敞篷跑车','sDrive 35i','车辆检查',222,0),(29,'宝马','BMW Z4敞篷跑车','sDrive 35i','空气滤清器',328,0),(30,'宝马','BMW Z4敞篷跑车','sDrive 35i','雨刮片',490,0),(31,'宝马','新BMW Z4敞篷跑车(2013年上市)','sDrive20i','机油机滤',965,0),(32,'宝马','新BMW Z4敞篷跑车(2013年上市)','sDrive20i','微尘滤清器',556,0),(33,'宝马','新BMW Z4敞篷跑车(2013年上市)','sDrive20i','后部制动片',1694,0),(34,'宝马','新BMW Z4敞篷跑车(2013年上市)','sDrive20i','后部制动盘及制动片',3197,0),(35,'宝马','新BMW Z4敞篷跑车(2013年上市)','sDrive20i','前部制动片',1957,0),(36,'宝马','新BMW Z4敞篷跑车(2013年上市)','sDrive20i','前部制动盘及制动片',3550,0),(37,'宝马','新BMW Z4敞篷跑车(2013年上市)','sDrive20i','火花塞',668,717),(38,'宝马','新BMW Z4敞篷跑车(2013年上市)','sDrive20i','车辆检查',222,0),(39,'宝马','新BMW Z4敞篷跑车(2013年上市)','sDrive20i','空气滤清器',328,0),(40,'宝马','新BMW Z4敞篷跑车(2013年上市)','sDrive20i','雨刮片',490,0),(41,'宝马','新BMW Z4敞篷跑车(2013年上市)','sDrive28i','机油机滤',965,0),(42,'宝马','新BMW Z4敞篷跑车(2013年上市)','sDrive28i','微尘滤清器',556,0),(43,'宝马','新BMW Z4敞篷跑车(2013年上市)','sDrive28i','后部制动片',1694,0),(44,'宝马','新BMW Z4敞篷跑车(2013年上市)','sDrive28i','后部制动盘及制动片',3225,0),(45,'宝马','新BMW Z4敞篷跑车(2013年上市)','sDrive28i','前部制动片',1957,0),(46,'宝马','新BMW Z4敞篷跑车(2013年上市)','sDrive28i','前部制动盘及制动片',4390,0),(47,'宝马','新BMW Z4敞篷跑车(2013年上市)','sDrive28i','火花塞',668,717),(48,'宝马','新BMW Z4敞篷跑车(2013年上市)','sDrive28i','车辆检查',222,0),(49,'宝马','新BMW Z4敞篷跑车(2013年上市)','sDrive28i','空气滤清器',328,0),(50,'宝马','新BMW Z4敞篷跑车(2013年上市)','sDrive28i','雨刮片',490,0),(51,'宝马','新BMW Z4敞篷跑车(2013年上市)','sDrive35i','机油机滤',1161,0),(52,'宝马','新BMW Z4敞篷跑车(2013年上市)','sDrive35i','微尘滤清器',556,0),(53,'宝马','新BMW Z4敞篷跑车(2013年上市)','sDrive35i','后部制动片',1809,0),(54,'宝马','新BMW Z4敞篷跑车(2013年上市)','sDrive35i','后部制动盘及制动片',3522,0),(55,'宝马','新BMW Z4敞篷跑车(2013年上市)','sDrive35i','前部制动片',1957,0),(56,'宝马','新BMW Z4敞篷跑车(2013年上市)','sDrive35i','前部制动盘及制动片',5286,0),(57,'宝马','新BMW Z4敞篷跑车(2013年上市)','sDrive35i','火花塞',1367,1428),(58,'宝马','新BMW Z4敞篷跑车(2013年上市)','sDrive35i','车辆检查',222,0),(59,'宝马','新BMW Z4敞篷跑车(2013年上市)','sDrive35i','空气滤清器',328,0),(60,'宝马','新BMW Z4敞篷跑车(2013年上市)','sDrive35i','雨刮片',490,0),(61,'宝马','新BMW Z4敞篷跑车(2013年上市)','sDrive35is','机油机滤',1161,0),(62,'宝马','新BMW Z4敞篷跑车(2013年上市)','sDrive35is','微尘滤清器',556,0),(63,'宝马','新BMW Z4敞篷跑车(2013年上市)','sDrive35is','后部制动片',1809,0),(64,'宝马','新BMW Z4敞篷跑车(2013年上市)','sDrive35is','后部制动盘及制动片',3522,0),(65,'宝马','新BMW Z4敞篷跑车(2013年上市)','sDrive35is','前部制动片',1957,0),(66,'宝马','新BMW Z4敞篷跑车(2013年上市)','sDrive35is','前部制动盘及制动片',5286,0),(67,'宝马','新BMW Z4敞篷跑车(2013年上市)','sDrive35is','火花塞',1367,1428),(68,'宝马','新BMW Z4敞篷跑车(2013年上市)','sDrive35is','车辆检查',222,0),(69,'宝马','新BMW Z4敞篷跑车(2013年上市)','sDrive35is','空气滤清器',328,0),(70,'宝马','新BMW Z4敞篷跑车(2013年上市)','sDrive35is','雨刮片',490,0),(71,'宝马','BMW 6系 双门娇跑车','630i','机油机滤',1161,0),(72,'宝马','BMW 6系 双门娇跑车','630i','微尘滤清器',854,0),(73,'宝马','BMW 6系 双门娇跑车','630i','后部制动片',1603,1742),(74,'宝马','BMW 6系 双门娇跑车','630i','后部制动盘及制动片',3534,0),(75,'宝马','BMW 6系 双门娇跑车','630i','前部制动片',1767,0),(76,'宝马','BMW 6系 双门娇跑车','630i','前部制动盘及制动片',4029,0),(77,'宝马','BMW 6系 双门娇跑车','630i','前部制动盘及制动片',1523,0),(78,'宝马','BMW 6系 双门娇跑车','630i','车辆检查',370,0),(79,'宝马','BMW 6系 双门娇跑车','630i','空气滤清器',350,0),(80,'宝马','BMW 6系 双门娇跑车','630i','雨刮片',693,0),(81,'宝马','BMW 6系 双门娇跑车','645i','机油机滤',1375,0),(82,'宝马','BMW 6系 双门娇跑车','645i','微尘滤清器',854,0),(83,'宝马','BMW 6系 双门娇跑车','645i','后部制动片',1840,1979),(84,'宝马','BMW 6系 双门娇跑车','645i','后部制动盘及制动片',3950,0),(85,'宝马','BMW 6系 双门娇跑车','645i','前部制动片',2002,0),(86,'宝马','BMW 6系 双门娇跑车','645i','前部制动盘及制动片',4826,0),(87,'宝马','BMW 6系 双门娇跑车','645i','火花塞',1932,0),(88,'宝马','BMW 6系 双门娇跑车','645i','车辆检查',370,0),(89,'宝马','BMW 6系 双门娇跑车','645i','空气滤清器',350,0),(90,'宝马','BMW 6系 双门娇跑车','645i','雨刮片',693,0),(91,'宝马','BMW 6系 双门娇跑车','650i','机油机滤',1375,0),(92,'宝马','BMW 6系 双门娇跑车','650i','微尘滤清器',854,0),(93,'宝马','BMW 6系 双门娇跑车','650i','后部制动片',1840,1979),(94,'宝马','BMW 6系 双门娇跑车','650i','后部制动盘及制动片',3950,0),(95,'宝马','BMW 6系 双门娇跑车','650i','前部制动片',2002,3262),(96,'宝马','BMW 6系 双门娇跑车','650i','前部制动盘及制动片',6820,0),(97,'宝马','BMW 6系 双门娇跑车','650i','火花塞',1932,0),(98,'宝马','BMW 6系 双门娇跑车','650i','车辆检查',370,0),(99,'宝马','BMW 6系 双门娇跑车','650i','空气滤清器',350,0),(100,'宝马','BMW 6系 双门娇跑车','650i','雨刮片',693,0),(101,'宝马','BMW 6系 敞篷娇跑车','630i','机油机滤',1161,0),(102,'宝马','BMW 6系 敞篷娇跑车','630i','微尘滤清器',854,0),(103,'宝马','BMW 6系 敞篷娇跑车','630i','后部制动片',1603,1742),(104,'宝马','BMW 6系 敞篷娇跑车','630i','后部制动盘及制动片',3534,0),(105,'宝马','BMW 6系 敞篷娇跑车','630i','前部制动片',1767,0),(106,'宝马','BMW 6系 敞篷娇跑车','630i','前部制动盘及制动片',4029,0),(107,'宝马','BMW 6系 敞篷娇跑车','630i','火花塞',1019,1523),(108,'宝马','BMW 6系 敞篷娇跑车','630i','车辆检查',592,0),(109,'宝马','BMW 6系 敞篷娇跑车','630i','空气滤清器',350,0),(110,'宝马','BMW 6系 敞篷娇跑车','630i','雨刮片',693,0),(111,'宝马','BMW 6系 敞篷娇跑车','645i','机油机滤',1375,0),(112,'宝马','BMW 6系 敞篷娇跑车','645i','微尘滤清器',854,0),(113,'宝马','BMW 6系 敞篷娇跑车','645i','后部制动片',1840,1979),(114,'宝马','BMW 6系 敞篷娇跑车','645i','后部制动盘及制动片',3951,0),(115,'宝马','BMW 6系 敞篷娇跑车','645i','前部制动片',2002,0),(116,'宝马','BMW 6系 敞篷娇跑车','645i','前部制动盘及制动片',4826,0),(117,'宝马','BMW 6系 敞篷娇跑车','645i','火花塞',1932,0),(118,'宝马','BMW 6系 敞篷娇跑车','645i','车辆检查',592,0),(119,'宝马','BMW 6系 敞篷娇跑车','645i','空气滤清器',350,0),(120,'宝马','BMW 6系 敞篷娇跑车','645i','雨刮片',693,0),(121,'宝马','BMW 6系 敞篷娇跑车','650i','机油机滤',1375,0),(122,'宝马','BMW 6系 敞篷娇跑车','650i','微尘滤清器',854,0),(123,'宝马','BMW 6系 敞篷娇跑车','650i','后部制动片',1840,1979),(124,'宝马','BMW 6系 敞篷娇跑车','650i','后部制动盘及制动片',3951,0),(125,'宝马','BMW 6系 敞篷娇跑车','650i','前部制动片',2002,3262),(126,'宝马','BMW 6系 敞篷娇跑车','650i','前部制动盘及制动片',6820,0),(127,'宝马','BMW 6系 敞篷娇跑车','650i','火花塞',1932,0),(128,'宝马','BMW 6系 敞篷娇跑车','650i','车辆检查',592,0),(129,'宝马','BMW 6系 敞篷娇跑车','650i','空气滤清器',350,0),(130,'宝马','BMW 6系 敞篷娇跑车','650i','雨刮片',693,0),(131,'宝马','BMW5系四门轿车（2010年之前上市）','520i','机油机滤',1132,0),(132,'宝马','BMW5系四门轿车（2010年之前上市）','520i','微尘滤清器',854,0),(133,'宝马','BMW5系四门轿车（2010年之前上市）','520i','后部制动片',1603,1742),(134,'宝马','BMW5系四门轿车（2010年之前上市）','520i','后部制动盘及制动片',3534,0),(135,'宝马','BMW5系四门轿车（2010年之前上市）','520i','前部制动片',1767,2002),(136,'宝马','BMW5系四门轿车（2010年之前上市）','520i','前部制动盘及制动片',4029,0),(137,'宝马','BMW5系四门轿车（2010年之前上市）','520i','火花塞',1301,0),(138,'宝马','BMW5系四门轿车（2010年之前上市）','520i','车辆检查',370,0),(139,'宝马','BMW5系四门轿车（2010年之前上市）','520i','空气滤清器',350,0),(140,'宝马','BMW5系四门轿车（2010年之前上市）','520i','燃油滤清器',1461,0),(141,'宝马','BMW5系四门轿车（2010年之前上市）','520i','雨刮片',592,0),(142,'宝马','BMW5系四门轿车（2010年之前上市）','520Li','机油机滤',861,0),(143,'宝马','BMW5系四门轿车（2010年之前上市）','520Li','微尘滤清器',854,0),(144,'宝马','BMW5系四门轿车（2010年之前上市）','520Li','后部制动片',1603,1742),(145,'宝马','BMW5系四门轿车（2010年之前上市）','520Li','后部制动盘及制动片',3534,0),(146,'宝马','BMW5系四门轿车（2010年之前上市）','520Li','前部制动片',1767,0),(147,'宝马','BMW5系四门轿车（2010年之前上市）','520Li','前部制动盘及制动片',3853,0),(148,'宝马','BMW5系四门轿车（2010年之前上市）','520Li','火花塞',1240,0),(149,'宝马','BMW5系四门轿车（2010年之前上市）','520Li','车辆检查',259,0),(150,'宝马','BMW5系四门轿车（2010年之前上市）','520Li','空气滤清器',350,0),(151,'宝马','BMW5系四门轿车（2010年之前上市）','520Li','燃油滤清器',673,1461),(152,'宝马','BMW5系四门轿车（2010年之前上市）','520Li','雨刮片',592,0),(153,'宝马','BMW5系四门轿车（2010年之前上市）','523i/523Li','机油机滤',1161,0),(154,'宝马','BMW5系四门轿车（2010年之前上市）','523i/523Li','微尘滤清器',854,0),(155,'宝马','BMW5系四门轿车（2010年之前上市）','523i/523Li','后部制动片',1603,1742),(156,'宝马','BMW5系四门轿车（2010年之前上市）','523i/523Li','后部制动盘及制动片',3534,0),(157,'宝马','BMW5系四门轿车（2010年之前上市）','523i/523Li','前部制动片',1767,0),(158,'宝马','BMW5系四门轿车（2010年之前上市）','523i/523Li','前部制动盘及制动片',3853,0),(159,'宝马','BMW5系四门轿车（2010年之前上市）','523i/523Li','火花塞',1523,0),(160,'宝马','BMW5系四门轿车（2010年之前上市）','523i/523Li','车辆检查',370,0),(161,'宝马','BMW5系四门轿车（2010年之前上市）','523i/523Li','空气滤清器',350,0),(162,'宝马','BMW5系四门轿车（2010年之前上市）','523i/523Li','燃油滤清器',1461,0),(163,'宝马','BMW5系四门轿车（2010年之前上市）','523i/523Li','雨刮片',592,0),(164,'宝马','BMW5系四门轿车（2010年之前上市）','525i/525LiN52﹡','机油机滤',1132,0),(165,'宝马','BMW5系四门轿车（2010年之前上市）','525i/525LiN52﹡','微尘滤清器',854,0),(166,'宝马','BMW5系四门轿车（2010年之前上市）','525i/525LiN52﹡','后部制动片',1603,1742),(167,'宝马','BMW5系四门轿车（2010年之前上市）','525i/525LiN52﹡','后部制动盘及制动片',3534,0),(168,'宝马','BMW5系四门轿车（2010年之前上市）','525i/525LiN52﹡','前部制动片',1767,2002),(169,'宝马','BMW5系四门轿车（2010年之前上市）','525i/525LiN52﹡','前部制动盘及制动片',3853,0),(170,'宝马','BMW5系四门轿车（2010年之前上市）','525i/525LiN52﹡','火花塞',1301,0),(171,'宝马','BMW5系四门轿车（2010年之前上市）','525i/525LiN52﹡','车辆检查',370,0),(172,'宝马','BMW5系四门轿车（2010年之前上市）','525i/525LiN52﹡','空气滤清器',350,0),(173,'宝马','BMW5系四门轿车（2010年之前上市）','525i/525LiN52﹡','燃油滤清器',1461,0),(174,'宝马','BMW5系四门轿车（2010年之前上市）','525i/525LiN52﹡','雨刮片',592,0),(175,'宝马','BMW5系四门轿车（2010年之前上市）','530i/530LiN52﹡','机油机滤',1161,0),(176,'宝马','BMW5系四门轿车（2010年之前上市）','530i/530LiN52﹡','微尘滤清器',854,0),(177,'宝马','BMW5系四门轿车（2010年之前上市）','530i/530LiN52﹡','后部制动片',1603,1742),(178,'宝马','BMW5系四门轿车（2010年之前上市）','530i/530LiN52﹡','后部制动盘及制动片',3534,0),(179,'宝马','BMW5系四门轿车（2010年之前上市）','530i/530LiN52﹡','前部制动片',2002,0),(180,'宝马','BMW5系四门轿车（2010年之前上市）','530i/530LiN52﹡','前部制动盘及制动片',4029,0),(181,'宝马','BMW5系四门轿车（2010年之前上市）','530i/530LiN52﹡','火花塞',1019,1523),(182,'宝马','BMW5系四门轿车（2010年之前上市）','530i/530LiN52﹡','车辆检查',370,0),(183,'宝马','BMW5系四门轿车（2010年之前上市）','530i/530LiN52﹡','空气滤清器',350,0),(184,'宝马','BMW5系四门轿车（2010年之前上市）','530i/530LiN52﹡','燃油滤清器',1461,0),(185,'宝马','BMW5系四门轿车（2010年之前上市）','530i/530LiN52﹡','雨刮片',592,0),(186,'宝马','BMW5系四门轿车（2010年之前上市）','530iM54*','机油机滤',1132,0),(187,'宝马','BMW5系四门轿车（2010年之前上市）','530iM54*','微尘滤清器',854,0),(188,'宝马','BMW5系四门轿车（2010年之前上市）','530iM54*','后部制动片',1603,1742),(189,'宝马','BMW5系四门轿车（2010年之前上市）','530iM54*','后部制动盘及制动片',3534,0),(190,'宝马','BMW5系四门轿车（2010年之前上市）','530iM54*','前部制动片',2002,0),(191,'宝马','BMW5系四门轿车（2010年之前上市）','530iM54*','前部制动盘及制动片',4029,0),(192,'宝马','BMW5系四门轿车（2010年之前上市）','530iM54*','火花塞',1301,0),(193,'宝马','BMW5系四门轿车（2010年之前上市）','530iM54*','车辆检查',370,0),(194,'宝马','BMW5系四门轿车（2010年之前上市）','530iM54*','空气滤清器',350,0),(195,'宝马','BMW5系四门轿车（2010年之前上市）','530iM54*','燃油滤清器',1461,0),(196,'宝马','BMW5系四门轿车（2010年之前上市）','530iM54*','雨刮片',592,0),(197,'宝马','BMW5系四门轿车（2010年之前上市）','540i','机油机滤',1375,0),(198,'宝马','BMW5系四门轿车（2010年之前上市）','540i','微尘滤清器',854,0),(199,'宝马','BMW5系四门轿车（2010年之前上市）','540i','后部制动片',1840,1979),(200,'宝马','BMW5系四门轿车（2010年之前上市）','540i','后部制动盘及制动片',3950,0),(201,'宝马','BMW5系四门轿车（2010年之前上市）','540i','前部制动片',2002,3262),(202,'宝马','BMW5系四门轿车（2010年之前上市）','540i','前部制动盘及制动片',4826,0),(203,'宝马','BMW5系四门轿车（2010年之前上市）','540i','火花塞',1932,0),(204,'宝马','BMW5系四门轿车（2010年之前上市）','540i','车辆检查',370,0),(205,'宝马','BMW5系四门轿车（2010年之前上市）','540i','空气滤清器',350,0),(206,'宝马','BMW5系四门轿车（2010年之前上市）','540i','燃油滤清器',1461,0),(207,'宝马','BMW5系四门轿车（2010年之前上市）','540i','雨刮片',592,0),(208,'宝马','BMW5系四门轿车（2010年之前上市）','545i','机油机滤',1375,0),(209,'宝马','BMW5系四门轿车（2010年之前上市）','545i','微尘滤清器',854,0),(210,'宝马','BMW5系四门轿车（2010年之前上市）','545i','后部制动片',1840,1979),(211,'宝马','BMW5系四门轿车（2010年之前上市）','545i','后部制动盘及制动片',3950,0),(212,'宝马','BMW5系四门轿车（2010年之前上市）','545i','前部制动片',2002,3262),(213,'宝马','BMW5系四门轿车（2010年之前上市）','545i','前部制动盘及制动片',4826,0),(214,'宝马','BMW5系四门轿车（2010年之前上市）','545i','火花塞',1932,0),(215,'宝马','BMW5系四门轿车（2010年之前上市）','545i','车辆检查',370,0),(216,'宝马','BMW5系四门轿车（2010年之前上市）','545i','空气滤清器',350,0),(217,'宝马','BMW5系四门轿车（2010年之前上市）','545i','燃油滤清器',1461,0),(218,'宝马','BMW5系四门轿车（2010年之前上市）','545i','雨刮片',592,0),(219,'宝马','BMW5系四门轿车（2010年之前上市）','550i','机油机滤',1375,0),(220,'宝马','BMW5系四门轿车（2010年之前上市）','550i','微尘滤清器',854,0),(221,'宝马','BMW5系四门轿车（2010年之前上市）','550i','后部制动片',1840,1979),(222,'宝马','BMW5系四门轿车（2010年之前上市）','550i','后部制动盘及制动片',3950,0),(223,'宝马','BMW5系四门轿车（2010年之前上市）','550i','前部制动片',2002,3262),(224,'宝马','BMW5系四门轿车（2010年之前上市）','550i','前部制动盘及制动片',6820,0),(225,'宝马','BMW5系四门轿车（2010年之前上市）','550i','火花塞',1932,0),(226,'宝马','BMW5系四门轿车（2010年之前上市）','550i','车辆检查',370,0),(227,'宝马','BMW5系四门轿车（2010年之前上市）','550i','空气滤清器',350,0),(228,'宝马','BMW5系四门轿车（2010年之前上市）','550i','燃油滤清器',1461,0),(229,'宝马','BMW5系四门轿车（2010年之前上市）','550i','雨刮片',592,0),(230,'宝马','BMW5系旅行轿车（2010年之前上市）','520i','机油机滤',965,0),(231,'宝马','BMW5系旅行轿车（2010年之前上市）','520i','微尘滤清器',1228,0),(232,'宝马','BMW5系旅行轿车（2010年之前上市）','520i','后部制动片',1683,0),(233,'宝马','BMW5系旅行轿车（2010年之前上市）','520i','后部制动盘及制动片',3785,0),(234,'宝马','BMW5系旅行轿车（2010年之前上市）','520i','前部制动片',1989,0),(235,'宝马','BMW5系旅行轿车（2010年之前上市）','520i','前部制动盘及制动片',4544,0),(236,'宝马','BMW5系旅行轿车（2010年之前上市）','520i','火花塞',668,0),(237,'宝马','BMW5系旅行轿车（2010年之前上市）','520i','车辆检查',259,0),(238,'宝马','BMW5系旅行轿车（2010年之前上市）','520i','空气滤清器',408,0),(239,'宝马','BMW5系旅行轿车（2010年之前上市）','520i','燃油滤清器',599,0),(240,'宝马','BMW5系旅行轿车（2010年之前上市）','520i','雨刮片',528,0),(241,'宝马','BMW5系旅行轿车（2010年之前上市）','528i','机油机滤',965,0),(242,'宝马','BMW5系旅行轿车（2010年之前上市）','528i','微尘滤清器',1228,0),(243,'宝马','BMW5系旅行轿车（2010年之前上市）','528i','后部制动片',1683,0),(244,'宝马','BMW5系旅行轿车（2010年之前上市）','528i','后部制动盘及制动片',3785,0),(245,'宝马','BMW5系旅行轿车（2010年之前上市）','528i','前部制动片',2089,0),(246,'宝马','BMW5系旅行轿车（2010年之前上市）','528i','前部制动盘及制动片',5500,0),(247,'宝马','BMW5系旅行轿车（2010年之前上市）','528i','火花塞',668,0),(248,'宝马','BMW5系旅行轿车（2010年之前上市）','528i','车辆检查',259,0),(249,'宝马','BMW5系旅行轿车（2010年之前上市）','528i','空气滤清器',408,0),(250,'宝马','BMW5系旅行轿车（2010年之前上市）','528i','燃油滤清器',599,0),(251,'宝马','BMW5系旅行轿车（2010年之前上市）','528i','雨刮片',528,0),(252,'宝马','BMW5系旅行轿车（2010年之前上市）','528ixDrive','机油机滤',942,0),(253,'宝马','BMW5系旅行轿车（2010年之前上市）','528ixDrive','微尘滤清器',1228,0),(254,'宝马','BMW5系旅行轿车（2010年之前上市）','528ixDrive','后部制动片',1683,0),(255,'宝马','BMW5系旅行轿车（2010年之前上市）','528ixDrive','后部制动盘及制动片',3785,0),(256,'宝马','BMW5系旅行轿车（2010年之前上市）','528ixDrive','前部制动片',2089,0),(257,'宝马','BMW5系旅行轿车（2010年之前上市）','528ixDrive','前部制动盘及制动片',5500,0),(258,'宝马','BMW5系旅行轿车（2010年之前上市）','528ixDrive','火花塞',668,0),(259,'宝马','BMW5系旅行轿车（2010年之前上市）','528ixDrive','车辆检查',259,0),(260,'宝马','BMW5系旅行轿车（2010年之前上市）','528ixDrive','空气滤清器',408,0),(261,'宝马','BMW5系旅行轿车（2010年之前上市）','528ixDrive','燃油滤清器',599,0),(262,'宝马','BMW5系旅行轿车（2010年之前上市）','528ixDrive','雨刮片',528,0),(263,'宝马','BMW5系四门轿车','520Li','机油机滤',965,1161),(264,'宝马','BMW5系四门轿车','520Li','微尘滤清器',1228,0),(265,'宝马','BMW5系四门轿车','520Li','后部制动片',1646,1746),(266,'宝马','BMW5系四门轿车','520Li','后部制动盘及制动片',3480,0),(267,'宝马','BMW5系四门轿车','520Li','前部制动片',1949,2089),(268,'宝马','BMW5系四门轿车','520Li','前部制动盘及制动片',4072,4948),(269,'宝马','BMW5系四门轿车','520Li','火花塞',668,797),(270,'宝马','BMW5系四门轿车','520Li','车辆检查',259,0),(271,'宝马','BMW5系四门轿车','520Li','空气滤清器',429,0),(272,'宝马','BMW5系四门轿车','520Li','燃油滤清器',599,0),(273,'宝马','BMW5系四门轿车','520Li','雨刮片',528,0),(274,'宝马','BMW5系四门轿车','523Li','机油机滤',1161,0),(275,'宝马','BMW5系四门轿车','523Li','微尘滤清器',1228,0),(276,'宝马','BMW5系四门轿车','523Li','后部制动片',1646,1746),(277,'宝马','BMW5系四门轿车','523Li','后部制动盘及制动片',3480,0),(278,'宝马','BMW5系四门轿车','523Li','前部制动片',1949,2089),(279,'宝马','BMW5系四门轿车','523Li','前部制动盘及制动片',4072,0),(280,'宝马','BMW5系四门轿车','523Li','火花塞',668,797),(281,'宝马','BMW5系四门轿车','523Li','车辆检查',259,0),(282,'宝马','BMW5系四门轿车','523Li','空气滤清器',429,0),(283,'宝马','BMW5系四门轿车','523Li','燃油滤清器',599,0),(284,'宝马','BMW5系四门轿车','523Li','雨刮片',528,0),(285,'宝马','BMW5系四门轿车','525Li','机油机滤',965,0),(286,'宝马','BMW5系四门轿车','525Li','微尘滤清器',1228,0),(287,'宝马','BMW5系四门轿车','525Li','后部制动片',1646,1746),(288,'宝马','BMW5系四门轿车','525Li','后部制动盘及制动片',3480,0),(289,'宝马','BMW5系四门轿车','525Li','前部制动片',1949,0),(290,'宝马','BMW5系四门轿车','525Li','前部制动盘及制动片',4072,0),(291,'宝马','BMW5系四门轿车','525Li','火花塞',668,797),(292,'宝马','BMW5系四门轿车','525Li','车辆检查',259,0),(293,'宝马','BMW5系四门轿车','525Li','空气滤清器',408,429),(294,'宝马','BMW5系四门轿车','525Li','燃油滤清器',599,0),(295,'宝马','BMW5系四门轿车','525Li','雨刮片',528,0),(296,'宝马','BMW5系四门轿车','528Li','机油机滤',1161,0),(297,'宝马','BMW5系四门轿车','528Li','微尘滤清器',1228,0),(298,'宝马','BMW5系四门轿车','528Li','后部制动片',1646,1746),(299,'宝马','BMW5系四门轿车','528Li','后部制动盘及制动片',3480,0),(300,'宝马','BMW5系四门轿车','528Li','前部制动片',1949,0),(301,'宝马','BMW5系四门轿车','528Li','前部制动盘及制动片',4072,0),(302,'宝马','BMW5系四门轿车','528Li','火花塞',797,0),(303,'宝马','BMW5系四门轿车','528Li','车辆检查',259,0),(304,'宝马','BMW5系四门轿车','528Li','空气滤清器',429,0),(305,'宝马','BMW5系四门轿车','528Li','燃油滤清器',599,0),(306,'宝马','BMW5系四门轿车','528Li','雨刮片',528,0),(307,'宝马','BMW5系四门轿车','530Li','机油机滤',1161,0),(308,'宝马','BMW5系四门轿车','530Li','微尘滤清器',1228,0),(309,'宝马','BMW5系四门轿车','530Li','后部制动片',1646,1746),(310,'宝马','BMW5系四门轿车','530Li','后部制动盘及制动片',3480,0),(311,'宝马','BMW5系四门轿车','530Li','前部制动片',1949,2089),(312,'宝马','BMW5系四门轿车','530Li','前部制动盘及制动片',4072,4212),(313,'宝马','BMW5系四门轿车','530Li','火花塞',797,0),(314,'宝马','BMW5系四门轿车','530Li','车辆检查',259,0),(315,'宝马','BMW5系四门轿车','530Li','空气滤清器',429,0),(316,'宝马','BMW5系四门轿车','530Li','燃油滤清器',599,0),(317,'宝马','BMW5系四门轿车','530Li','雨刮片',528,0),(318,'宝马','BMW5系四门轿车','535Li','机油机滤',1161,0),(319,'宝马','BMW5系四门轿车','535Li','微尘滤清器',1228,0),(320,'宝马','BMW5系四门轿车','535Li','后部制动片',1646,1746),(321,'宝马','BMW5系四门轿车','535Li','后部制动盘及制动片',3480,0),(322,'宝马','BMW5系四门轿车','535Li','前部制动片',2089,0),(323,'宝马','BMW5系四门轿车','535Li','前部制动盘及制动片',4908,0),(324,'宝马','BMW5系四门轿车','535Li','火花塞',1449,0),(325,'宝马','BMW5系四门轿车','535Li','车辆检查',259,0),(326,'宝马','BMW5系四门轿车','535Li','空气滤清器',386,0),(327,'宝马','BMW5系四门轿车','535Li','燃油滤清器',599,0),(328,'宝马','BMW5系四门轿车','535Li','雨刮片',528,0),(329,'宝马','BMW5系四门轿车','520i','机油机滤',965,0),(330,'宝马','BMW5系四门轿车','520i','微尘滤清器',1228,0),(331,'宝马','BMW5系四门轿车','520i','后部制动片',1646,0),(332,'宝马','BMW5系四门轿车','520i','后部制动盘及制动片',3748,0),(333,'宝马','BMW5系四门轿车','520i','前部制动片',1989,0),(334,'宝马','BMW5系四门轿车','520i','前部制动盘及制动片',4544,0),(335,'宝马','BMW5系四门轿车','520i','火花塞',656,0),(336,'宝马','BMW5系四门轿车','520i','车辆检查',259,0),(337,'宝马','BMW5系四门轿车','520i','空气滤清器',408,0),(338,'宝马','BMW5系四门轿车','520i','燃油滤清器',599,0),(339,'宝马','BMW5系四门轿车','520i','雨刮片',528,0),(340,'宝马','BMW5系四门轿车','523i','机油机滤',1161,0),(341,'宝马','BMW5系四门轿车','523i','微尘滤清器',1228,0),(342,'宝马','BMW5系四门轿车','523i','后部制动片',1646,0),(343,'宝马','BMW5系四门轿车','523i','后部制动盘及制动片',3748,0),(344,'宝马','BMW5系四门轿车','523i','前部制动片',1989,0),(345,'宝马','BMW5系四门轿车','523i','前部制动盘及制动片',4544,0),(346,'宝马','BMW5系四门轿车','523i','火花塞',797,0),(347,'宝马','BMW5系四门轿车','523i','车辆检查',259,0),(348,'宝马','BMW5系四门轿车','523i','空气滤清器',429,0),(349,'宝马','BMW5系四门轿车','523i','燃油滤清器',599,0),(350,'宝马','BMW5系四门轿车','523i','雨刮片',528,0),(351,'宝马','BMW5系四门轿车','528ixDrive','机油机滤',942,0),(352,'宝马','BMW5系四门轿车','528ixDrive','微尘滤清器',1228,0),(353,'宝马','BMW5系四门轿车','528ixDrive','后部制动片',1646,0),(354,'宝马','BMW5系四门轿车','528ixDrive','后部制动盘及制动片',3748,0),(355,'宝马','BMW5系四门轿车','528ixDrive','前部制动片',2089,0),(356,'宝马','BMW5系四门轿车','528ixDrive','前部制动盘及制动片',5500,0),(357,'宝马','BMW5系四门轿车','528ixDrive','火花塞',656,0),(358,'宝马','BMW5系四门轿车','528ixDrive','车辆检查',259,0),(359,'宝马','BMW5系四门轿车','528ixDrive','空气滤清器',408,0),(360,'宝马','BMW5系四门轿车','528ixDrive','燃油滤清器',599,0),(361,'宝马','BMW5系四门轿车','528ixDrive','雨刮片',528,0),(362,'宝马','BMW5系四门轿车','535i','机油机滤',1161,0),(363,'宝马','BMW5系四门轿车','535i','微尘滤清器',1228,0),(364,'宝马','BMW5系四门轿车','535i','后部制动片',1646,1906),(365,'宝马','BMW5系四门轿车','535i','后部制动盘及制动片',4075,0),(366,'宝马','BMW5系四门轿车','535i','前部制动片',2089,3613),(367,'宝马','BMW5系四门轿车','535i','前部制动盘及制动片',6986,0),(368,'宝马','BMW5系四门轿车','535i','火花塞',1449,0),(369,'宝马','BMW5系四门轿车','535i','车辆检查',259,0),(370,'宝马','BMW5系四门轿车','535i','空气滤清器',386,0),(371,'宝马','BMW5系四门轿车','535i','燃油滤清器',599,0),(372,'宝马','BMW5系四门轿车','535i','雨刮片',528,0),(373,'宝马','BMW5系四门轿车','535ixDrive','机油机滤',1161,0),(374,'宝马','BMW5系四门轿车','535ixDrive','微尘滤清器',1228,0),(375,'宝马','BMW5系四门轿车','535ixDrive','后部制动片',1646,1906),(376,'宝马','BMW5系四门轿车','535ixDrive','后部制动盘及制动片',4305,0),(377,'宝马','BMW5系四门轿车','535ixDrive','前部制动片',2089,3613),(378,'宝马','BMW5系四门轿车','535ixDrive','前部制动盘及制动片',6986,0),(379,'宝马','BMW5系四门轿车','535ixDrive','火花塞',1449,0),(380,'宝马','BMW5系四门轿车','535ixDrive','车辆检查',259,0),(381,'宝马','BMW5系四门轿车','535ixDrive','空气滤清器',386,0),(382,'宝马','BMW5系四门轿车','535ixDrive','燃油滤清器',599,0),(383,'宝马','BMW5系四门轿车','535ixDrive','雨刮片',528,0),(384,'宝马','BMW5系GT','GranTurismo35i','机油机滤',1161,0),(385,'宝马','BMW5系GT','GranTurismo35i','微尘滤清器',1228,0),(386,'宝马','BMW5系GT','GranTurismo35i','后部制动片',1940,0),(387,'宝马','BMW5系GT','GranTurismo35i','后部制动盘及制动片',4183,0),(388,'宝马','BMW5系GT','GranTurismo35i','前部制动片',3613,0),(389,'宝马','BMW5系GT','GranTurismo35i','前部制动盘及制动片',6986,0),(390,'宝马','BMW5系GT','GranTurismo35i','火花塞',1449,0),(391,'宝马','BMW5系GT','GranTurismo35i','车辆检查',222,0),(392,'宝马','BMW5系GT','GranTurismo35i','空气滤清器',386,0),(393,'宝马','BMW5系GT','GranTurismo35i','燃油滤清器',599,0),(394,'宝马','BMW5系GT','GranTurismo35i','雨刮片',658,0),(395,'宝马','BMW5系GT','GranTurismo50i','机油机滤',1536,0),(396,'宝马','BMW5系GT','GranTurismo50i','微尘滤清器',1228,0),(397,'宝马','BMW5系GT','GranTurismo50i','后部制动片',1940,0),(398,'宝马','BMW5系GT','GranTurismo50i','后部制动盘及制动片',4508,0),(399,'宝马','BMW5系GT','GranTurismo50i','前部制动片',3613,0),(400,'宝马','BMW5系GT','GranTurismo50i','前部制动盘及制动片',7896,0),(401,'宝马','BMW5系GT','GranTurismo50i','火花塞',1821,0),(402,'宝马','BMW5系GT','GranTurismo50i','车辆检查',222,0),(403,'宝马','BMW5系GT','GranTurismo50i','空气滤清器',699,0),(404,'宝马','BMW5系GT','GranTurismo50i','燃油滤清器',599,0),(405,'宝马','BMW5系GT','GranTurismo50i','雨刮片',658,0),(406,'宝马','BMW X1(2012年之前上市)','sDrive 18i','机油机滤',861,0),(407,'宝马','BMW X1(2012年之前上市)','sDrive 18i','微尘滤清器',383,0),(408,'宝马','BMW X1(2012年之前上市)','sDrive 18i','后部制动片',1534,1692),(409,'宝马','BMW X1(2012年之前上市)','sDrive 18i','后部制动盘及制动片',3023,0),(410,'宝马','BMW X1(2012年之前上市)','sDrive 18i','前部制动片',2017,0),(411,'宝马','BMW X1(2012年之前上市)','sDrive 18i','前部制动盘及制动片',3762,0),(412,'宝马','BMW X1(2012年之前上市)','sDrive 18i','火花塞',892,990),(413,'宝马','BMW X1(2012年之前上市)','sDrive 18i','车辆检查',222,0),(414,'宝马','BMW X1(2012年之前上市)','sDrive 18i','空气滤清器',319,0),(415,'宝马','BMW X1(2012年之前上市)','sDrive 18i','雨刮片',476,0),(416,'宝马','BMW X1(2012年之前上市)','xDrive 25i','机油机滤',1161,0),(417,'宝马','BMW X1(2012年之前上市)','xDrive 25i','微尘滤清器',383,0),(418,'宝马','BMW X1(2012年之前上市)','xDrive 25i','后部制动片',1534,1692),(419,'宝马','BMW X1(2012年之前上市)','xDrive 25i','后部制动盘及制动片',3023,0),(420,'宝马','BMW X1(2012年之前上市)','xDrive 25i','前部制动片',1951,0),(421,'宝马','BMW X1(2012年之前上市)','xDrive 25i','前部制动盘及制动片',3936,0),(422,'宝马','BMW X1(2012年之前上市)','xDrive 25i','火花塞',871,1005),(423,'宝马','BMW X1(2012年之前上市)','xDrive 25i','车辆检查',222,0),(424,'宝马','BMW X1(2012年之前上市)','xDrive 25i','空气滤清器',366,0),(425,'宝马','BMW X1(2012年之前上市)','xDrive 25i','雨刮片',476,0),(426,'宝马','BMW X1(2012年之前上市)','xDrive 28i','机油机滤',1161,0),(427,'宝马','BMW X1(2012年之前上市)','xDrive 28i','微尘滤清器',383,0),(428,'宝马','BMW X1(2012年之前上市)','xDrive 28i','后部制动片',1534,1692),(429,'宝马','BMW X1(2012年之前上市)','xDrive 28i','后部制动盘及制动片',3023,3409),(430,'宝马','BMW X1(2012年之前上市)','xDrive 28i','前部制动片',1951,0),(431,'宝马','BMW X1(2012年之前上市)','xDrive 28i','前部制动盘及制动片',4656,0),(432,'宝马','BMW X1(2012年之前上市)','xDrive 28i','火花塞',705,1375),(433,'宝马','BMW X1(2012年之前上市)','xDrive 28i','车辆检查',222,0),(434,'宝马','BMW X1(2012年之前上市)','xDrive 28i','空气滤清器',366,0),(435,'宝马','BMW X1(2012年之前上市)','xDrive 28i','雨刮片',476,0),(436,'宝马','BMW X1','sDrive 18i','机油机滤',861,0),(437,'宝马','BMW X1','sDrive 18i','微尘滤清器',383,0),(438,'宝马','BMW X1','sDrive 18i','后部制动片',1534,1692),(439,'宝马','BMW X1','sDrive 18i','后部制动盘及制动片',3023,0),(440,'宝马','BMW X1','sDrive 18i','前部制动片',2017,0),(441,'宝马','BMW X1','sDrive 18i','前部制动盘及制动片',3762,0),(442,'宝马','BMW X1','sDrive 18i','火花塞',892,990),(443,'宝马','BMW X1','sDrive 18i','车辆检查',222,0),(444,'宝马','BMW X1','sDrive 18i','空气滤清器',319,0),(445,'宝马','BMW X1','sDrive 18i','雨刮片',476,0),(446,'宝马','BMW X1','sDrive 20i','机油机滤',965,0),(447,'宝马','BMW X1','sDrive 20i','微尘滤清器',383,0),(448,'宝马','BMW X1','sDrive 20i','后部制动片',1534,1692),(449,'宝马','BMW X1','sDrive 20i','后部制动盘及制动片',3023,0),(450,'宝马','BMW X1','sDrive 20i','前部制动片',2017,0),(451,'宝马','BMW X1','sDrive 20i','前部制动盘及制动片',3762,0),(452,'宝马','BMW X1','sDrive 20i','火花塞',705,815),(453,'宝马','BMW X1','sDrive 20i','车辆检查',222,0),(454,'宝马','BMW X1','sDrive 20i','空气滤清器',365,0),(455,'宝马','BMW X1','sDrive 20i','雨刮片',476,0),(456,'宝马','BMW X1','xDrive 20i','机油机滤',1036,0),(457,'宝马','BMW X1','xDrive 20i','微尘滤清器',383,0),(458,'宝马','BMW X1','xDrive 20i','后部制动片',1534,1692),(459,'宝马','BMW X1','xDrive 20i','后部制动盘及制动片',3023,0),(460,'宝马','BMW X1','xDrive 20i','前部制动片',2021,0),(461,'宝马','BMW X1','xDrive 20i','前部制动盘及制动片',3766,0),(462,'宝马','BMW X1','xDrive 20i','火花塞',705,815),(463,'宝马','BMW X1','xDrive 20i','车辆检查',222,0),(464,'宝马','BMW X1','xDrive 20i','空气滤清器',365,0),(465,'宝马','BMW X1','xDrive 20i','雨刮片',476,0),(466,'宝马','BMW X1','xDrive 28i','机油机滤',1036,0),(467,'宝马','BMW X1','xDrive 28i','微尘滤清器',383,0),(468,'宝马','BMW X1','xDrive 28i','后部制动片',1534,1692),(469,'宝马','BMW X1','xDrive 28i','后部制动盘及制动片',3023,0),(470,'宝马','BMW X1','xDrive 28i','前部制动片',2021,0),(471,'宝马','BMW X1','xDrive 28i','前部制动盘及制动片',3766,0),(472,'宝马','BMW X1','xDrive 28i','火花塞',705,815),(473,'宝马','BMW X1','xDrive 28i','车辆检查',222,0),(474,'宝马','BMW X1','xDrive 28i','空气滤清器',365,0),(475,'宝马','BMW X1','xDrive 28i','雨刮片',476,0),(476,'宝马','BMW X3','20i','机油机滤',948,0),(477,'宝马','BMW X3','20i','微尘滤清器',524,567),(478,'宝马','BMW X3','20i','后部制动片',1775,0),(479,'宝马','BMW X3','20i','后部制动盘及制动片',3921,0),(480,'宝马','BMW X3','20i','前部制动片',2086,0),(481,'宝马','BMW X3','20i','前部制动盘及制动片',4658,0),(482,'宝马','BMW X3','20i','火花塞',668,815),(483,'宝马','BMW X3','20i','车辆检查',222,0),(484,'宝马','BMW X3','20i','空气滤清器',386,0),(485,'宝马','BMW X3','20i','雨刮片',541,0),(486,'宝马','BMW X3','28i','机油机滤',1161,0),(487,'宝马','BMW X3','28i','微尘滤清器',397,567),(488,'宝马','BMW X3','28i','后部制动片',1775,0),(489,'宝马','BMW X3','28i','后部制动盘及制动片',3921,0),(490,'宝马','BMW X3','28i','前部制动片',2086,0),(491,'宝马','BMW X3','28i','前部制动盘及制动片',4658,0),(492,'宝马','BMW X3','28i','火花塞',797,0),(493,'宝马','BMW X3','28i','车辆检查',222,0),(494,'宝马','BMW X3','28i','空气滤清器',386,0),(495,'宝马','BMW X3','28i','雨刮片',541,0),(496,'宝马','BMW X3','35i','机油机滤',1161,0),(497,'宝马','BMW X3','35i','微尘滤清器',397,567),(498,'宝马','BMW X3','35i','后部制动片',1775,0),(499,'宝马','BMW X3','35i','后部制动盘及制动片',3921,0),(500,'宝马','BMW X3','35i','前部制动片',2086,0),(501,'宝马','BMW X3','35i','前部制动盘及制动片',4658,0),(502,'宝马','BMW X3','35i','火花塞',1412,0),(503,'宝马','BMW X3','35i','车辆检查',222,0),(504,'宝马','BMW X3','35i','空气滤清器',386,0),(505,'宝马','BMW X3','35i','雨刮片',541,0),(506,'宝马','BMW X5','3.0si','机油机滤',1161,0),(507,'宝马','BMW X5','3.0si','微尘滤清器',821,1274),(508,'宝马','BMW X5','3.0si','后部制动片',2198,0),(509,'宝马','BMW X5','3.0si','后部制动盘及制动片',4018,0),(510,'宝马','BMW X5','3.0si','前部制动片',2851,0),(511,'宝马','BMW X5','3.0si','前部制动盘及制动片',5593,0),(512,'宝马','BMW X5','3.0si','火花塞',834,1338),(513,'宝马','BMW X5','3.0si','车辆检查',370,0),(514,'宝马','BMW X5','3.0si','空气滤清器',384,0),(515,'宝马','BMW X5','3.0si','雨刮片',618,0),(516,'宝马','BMW X5','4.8i','机油机滤',1375,0),(517,'宝马','BMW X5','4.8i','微尘滤清器',821,1274),(518,'宝马','BMW X5','4.8i','后部制动片',1988,0),(519,'宝马','BMW X5','4.8i','后部制动盘及制动片',4246,0),(520,'宝马','BMW X5','4.8i','前部制动片',2422,2851),(521,'宝马','BMW X5','4.8i','前部制动盘及制动片',5884,0),(522,'宝马','BMW X5','4.8i','火花塞',1932,1338),(523,'宝马','BMW X5','4.8i','车辆检查',296,0),(524,'宝马','BMW X5','4.8i','空气滤清器',925,0),(525,'宝马','BMW X5','4.8i','雨刮片',618,0),(526,'宝马','BMW X5','35i','机油机滤',1161,0),(527,'宝马','BMW X5','35i','微尘滤清器',821,1274),(528,'宝马','BMW X5','35i','后部制动片',2198,0),(529,'宝马','BMW X5','35i','后部制动盘及制动片',4018,0),(530,'宝马','BMW X5','35i','前部制动片',2828,0),(531,'宝马','BMW X5','35i','前部制动盘及制动片',5810,0),(532,'宝马','BMW X5','35i','火花塞',1412,0),(533,'宝马','BMW X5','35i','车辆检查',296,0),(534,'宝马','BMW X5','35i','空气滤清器',386,0),(535,'宝马','BMW X5','35i','雨刮片',618,0),(536,'宝马','BMW X5','40i','机油机滤',1161,0),(537,'宝马','BMW X5','40i','微尘滤清器',821,1274),(538,'宝马','BMW X5','40i','后部制动片',2198,0),(539,'宝马','BMW X5','40i','后部制动盘及制动片',4018,0),(540,'宝马','BMW X5','40i','前部制动片',2828,0),(541,'宝马','BMW X5','40i','前部制动盘及制动片',5810,0),(542,'宝马','BMW X5','40i','火花塞',1412,0),(543,'宝马','BMW X5','40i','车辆检查',222,0),(544,'宝马','BMW X5','40i','空气滤清器',386,0),(545,'宝马','BMW X5','40i','雨刮片',618,0),(546,'宝马','BMW X5','50i','机油机滤',1536,0),(547,'宝马','BMW X5','50i','微尘滤清器',821,1274),(548,'宝马','BMW X5','50i','后部制动片',1988,0),(549,'宝马','BMW X5','50i','后部制动盘及制动片',4246,0),(550,'宝马','BMW X5','50i','前部制动片',3617,0),(551,'宝马','BMW X5','50i','前部制动盘及制动片',8231,0),(552,'宝马','BMW X5','50i','火花塞',2030,0),(553,'宝马','BMW X5','50i','车辆检查',296,0),(554,'宝马','BMW X5','50i','空气滤清器',1019,1202),(555,'宝马','BMW X5','50i','雨刮片',618,0),(556,'宝马','BMW X5 (2014年上市)','sDrive30d','机油机滤',1179,0),(557,'宝马','BMW X5 (2014年上市)','sDrive30d','微尘滤清器',1274,0),(558,'宝马','BMW X5 (2014年上市)','sDrive30d','后部制动片',2198,0),(559,'宝马','BMW X5 (2014年上市)','sDrive30d','后部制动盘及制动片',4821,0),(560,'宝马','BMW X5 (2014年上市)','sDrive30d','前部制动片',2828,0),(561,'宝马','BMW X5 (2014年上市)','sDrive30d','前部制动盘及制动片',5787,0),(562,'宝马','BMW X5 (2014年上市)','sDrive30d','火花塞',0,0),(563,'宝马','BMW X5 (2014年上市)','sDrive30d','车辆检查',222,0),(564,'宝马','BMW X5 (2014年上市)','sDrive30d','空气滤清器',605,0),(565,'宝马','BMW X5 (2014年上市)','sDrive30d','雨刮片',666,0),(566,'宝马','BMW X5 (2014年上市)','sDrive35i','机油机滤',1161,0),(567,'宝马','BMW X5 (2014年上市)','sDrive35i','微尘滤清器',1274,0),(568,'宝马','BMW X5 (2014年上市)','sDrive35i','后部制动片',1988,0),(569,'宝马','BMW X5 (2014年上市)','sDrive35i','后部制动盘及制动片',4611,0),(570,'宝马','BMW X5 (2014年上市)','sDrive35i','前部制动片',2828,0),(571,'宝马','BMW X5 (2014年上市)','sDrive35i','前部制动盘及制动片',5787,0),(572,'宝马','BMW X5 (2014年上市)','sDrive35i','火花塞',1523,0),(573,'宝马','BMW X5 (2014年上市)','sDrive35i','车辆检查',222,0),(574,'宝马','BMW X5 (2014年上市)','sDrive35i','空气滤清器',386,0),(575,'宝马','BMW X5 (2014年上市)','sDrive35i','雨刮片',666,0),(576,'宝马','BMW X5 (2014年上市)','sDrive50i','机油机滤',1525,0),(577,'宝马','BMW X5 (2014年上市)','sDrive50i','微尘滤清器',1274,0),(578,'宝马','BMW X5 (2014年上市)','sDrive50i','后部制动片',1988,0),(579,'宝马','BMW X5 (2014年上市)','sDrive50i','后部制动盘及制动片',4611,0),(580,'宝马','BMW X5 (2014年上市)','sDrive50i','前部制动片',3617,0),(581,'宝马','BMW X5 (2014年上市)','sDrive50i','前部制动盘及制动片',8448,0),(582,'宝马','BMW X5 (2014年上市)','sDrive50i','火花塞',1392,0),(583,'宝马','BMW X5 (2014年上市)','sDrive50i','车辆检查',222,0),(584,'宝马','BMW X5 (2014年上市)','sDrive50i','空气滤清器',670,0),(585,'宝马','BMW X5 (2014年上市)','sDrive50i','雨刮片',666,0),(586,'宝马','BMW X6','3.5ix','机油机滤',1161,0),(587,'宝马','BMW X6','3.5ix','微尘滤清器',821,1274),(588,'宝马','BMW X6','3.5ix','后部制动片',1988,2198),(589,'宝马','BMW X6','3.5ix','后部制动盘及制动片',4246,0),(590,'宝马','BMW X6','3.5ix','前部制动片',2851,0),(591,'宝马','BMW X6','3.5ix','前部制动盘及制动片',5833,0),(592,'宝马','BMW X6','3.5ix','火花塞',1375,1560),(593,'宝马','BMW X6','3.5ix','车辆检查',296,0),(594,'宝马','BMW X6','3.5ix','空气滤清器',386,0),(595,'宝马','BMW X6','3.5ix','雨刮片',618,0),(596,'宝马','BMW X6','5.0i','机油机滤',1536,0),(597,'宝马','BMW X6','5.0i','微尘滤清器',821,1274),(598,'宝马','BMW X6','5.0i','后部制动片',2248,0),(599,'宝马','BMW X6','5.0i','后部制动盘及制动片',5428,0),(600,'宝马','BMW X6','5.0i','前部制动片',2422,3622),(601,'宝马','BMW X6','5.0i','前部制动盘及制动片',8236,0),(602,'宝马','BMW X6','5.0i','火花塞',2326,0),(603,'宝马','BMW X6','5.0i','车辆检查',296,0),(604,'宝马','BMW X6','5.0i','空气滤清器',1019,0),(605,'宝马','BMW X6','5.0i','雨刮片',618,0),(606,'宝马','BMW X6(2012年上市)','35i','机油机滤',1161,0),(607,'宝马','BMW X6(2012年上市)','35i','微尘滤清器',821,1274),(608,'宝马','BMW X6(2012年上市)','35i','后部制动片',1998,2198),(609,'宝马','BMW X6(2012年上市)','35i','后部制动盘及制动片',4018,4246),(610,'宝马','BMW X6(2012年上市)','35i','前部制动片',2422,2828),(611,'宝马','BMW X6(2012年上市)','35i','前部制动盘及制动片',5810,5884),(612,'宝马','BMW X6(2012年上市)','35i','火花塞',1375,1560),(613,'宝马','BMW X6(2012年上市)','35i','车辆检查',296,0),(614,'宝马','BMW X6(2012年上市)','35i','空气滤清器',386,0),(615,'宝马','BMW X6(2012年上市)','35i','雨刮片',618,0),(616,'宝马','BMW X6(2012年上市)','40i','机油机滤',1161,0),(617,'宝马','BMW X6(2012年上市)','40i','微尘滤清器',821,1274),(618,'宝马','BMW X6(2012年上市)','40i','后部制动片',2198,0),(619,'宝马','BMW X6(2012年上市)','40i','后部制动盘及制动片',4018,4246),(620,'宝马','BMW X6(2012年上市)','40i','前部制动片',2828,0),(621,'宝马','BMW X6(2012年上市)','40i','前部制动盘及制动片',5810,0),(622,'宝马','BMW X6(2012年上市)','40i','火花塞',1375,0),(623,'宝马','BMW X6(2012年上市)','40i','车辆检查',222,0),(624,'宝马','BMW X6(2012年上市)','40i','空气滤清器',386,0),(625,'宝马','BMW X6(2012年上市)','40i','雨刮片',618,0),(626,'宝马','BMW X6(2012年上市)','50i','机油机滤',1536,0),(627,'宝马','BMW X6(2012年上市)','50i','微尘滤清器',821,1274),(628,'宝马','BMW X6(2012年上市)','50i','后部制动片',2248,0),(629,'宝马','BMW X6(2012年上市)','50i','后部制动盘及制动片',5428,0),(630,'宝马','BMW X6(2012年上市)','50i','前部制动片',3622,0),(631,'宝马','BMW X6(2012年上市)','50i','前部制动盘及制动片',8236,0),(632,'宝马','BMW X6(2012年上市)','50i','火花塞',2326,0),(633,'宝马','BMW X6(2012年上市)','50i','车辆检查',296,0),(634,'宝马','BMW X6(2012年上市)','50i','空气滤清器',1019,0),(635,'宝马','BMW X6(2012年上市)','50i','雨刮片',618,0),(636,'宝马','BMW7系四门轿车（2009年之前上市）','730LiM54*','机油机滤',1243,0),(637,'宝马','BMW7系四门轿车（2009年之前上市）','730LiM54*','微尘滤清器',1070,0),(638,'宝马','BMW7系四门轿车（2009年之前上市）','730LiM54*','后部制动片',1774,0),(639,'宝马','BMW7系四门轿车（2009年之前上市）','730LiM54*','后部制动盘及制动片',3331,0),(640,'宝马','BMW7系四门轿车（2009年之前上市）','730LiM54*','前部制动片',2002,0),(641,'宝马','BMW7系四门轿车（2009年之前上市）','730LiM54*','前部制动盘及制动片',4536,0),(642,'宝马','BMW7系四门轿车（2009年之前上市）','730LiM54*','火花塞',1449,0),(643,'宝马','BMW7系四门轿车（2009年之前上市）','730LiM54*','车辆检查',296,0),(644,'宝马','BMW7系四门轿车（2009年之前上市）','730LiM54*','空气滤清器',367,0),(645,'宝马','BMW7系四门轿车（2009年之前上市）','730LiM54*','雨刮片',373,564),(646,'宝马','BMW7系四门轿车（2009年之前上市）','730LiN52*','机油机滤',1161,0),(647,'宝马','BMW7系四门轿车（2009年之前上市）','730LiN52*','微尘滤清器',1070,0),(648,'宝马','BMW7系四门轿车（2009年之前上市）','730LiN52*','后部制动片',1774,0),(649,'宝马','BMW7系四门轿车（2009年之前上市）','730LiN52*','后部制动盘及制动片',3331,0),(650,'宝马','BMW7系四门轿车（2009年之前上市）','730LiN52*','前部制动片',2002,0),(651,'宝马','BMW7系四门轿车（2009年之前上市）','730LiN52*','前部制动盘及制动片',4536,0),(652,'宝马','BMW7系四门轿车（2009年之前上市）','730LiN52*','火花塞',1486,0),(653,'宝马','BMW7系四门轿车（2009年之前上市）','730LiN52*','车辆检查',296,0),(654,'宝马','BMW7系四门轿车（2009年之前上市）','730LiN52*','空气滤清器',367,0),(655,'宝马','BMW7系四门轿车（2009年之前上市）','730LiN52*','雨刮片',373,564),(656,'宝马','BMW7系四门轿车（2009年之前上市）','735Li','机油机滤',1374,0),(657,'宝马','BMW7系四门轿车（2009年之前上市）','735Li','微尘滤清器',1070,0),(658,'宝马','BMW7系四门轿车（2009年之前上市）','735Li','后部制动片',1774,0),(659,'宝马','BMW7系四门轿车（2009年之前上市）','735Li','后部制动盘及制动片',3331,0),(660,'宝马','BMW7系四门轿车（2009年之前上市）','735Li','前部制动片',2002,0),(661,'宝马','BMW7系四门轿车（2009年之前上市）','735Li','前部制动盘及制动片',4536,0),(662,'宝马','BMW7系四门轿车（2009年之前上市）','735Li','火花塞',1784,0),(663,'宝马','BMW7系四门轿车（2009年之前上市）','735Li','车辆检查',296,0),(664,'宝马','BMW7系四门轿车（2009年之前上市）','735Li','空气滤清器',367,0),(665,'宝马','BMW7系四门轿车（2009年之前上市）','735Li','雨刮片',373,564),(666,'宝马','BMW7系四门轿车（2009年之前上市）','740Li','机油机滤',1374,0),(667,'宝马','BMW7系四门轿车（2009年之前上市）','740Li','微尘滤清器',1070,0),(668,'宝马','BMW7系四门轿车（2009年之前上市）','740Li','后部制动片',1979,0),(669,'宝马','BMW7系四门轿车（2009年之前上市）','740Li','后部制动盘及制动片',4096,0),(670,'宝马','BMW7系四门轿车（2009年之前上市）','740Li','前部制动片',2002,0),(671,'宝马','BMW7系四门轿车（2009年之前上市）','740Li','前部制动盘及制动片',4826,0),(672,'宝马','BMW7系四门轿车（2009年之前上市）','740Li','火花塞',1784,0),(673,'宝马','BMW7系四门轿车（2009年之前上市）','740Li','车辆检查',296,0),(674,'宝马','BMW7系四门轿车（2009年之前上市）','740Li','空气滤清器',367,0),(675,'宝马','BMW7系四门轿车（2009年之前上市）','740Li','雨刮片',373,564),(676,'宝马','BMW7系四门轿车（2009年之前上市）','745Li','机油机滤',1374,0),(677,'宝马','BMW7系四门轿车（2009年之前上市）','745Li','微尘滤清器',1070,0),(678,'宝马','BMW7系四门轿车（2009年之前上市）','745Li','后部制动片',1979,0),(679,'宝马','BMW7系四门轿车（2009年之前上市）','745Li','后部制动盘及制动片',3840,0),(680,'宝马','BMW7系四门轿车（2009年之前上市）','745Li','前部制动片',2002,0),(681,'宝马','BMW7系四门轿车（2009年之前上市）','745Li','前部制动盘及制动片',4826,0),(682,'宝马','BMW7系四门轿车（2009年之前上市）','745Li','火花塞',1784,0),(683,'宝马','BMW7系四门轿车（2009年之前上市）','745Li','车辆检查',296,0),(684,'宝马','BMW7系四门轿车（2009年之前上市）','745Li','空气滤清器',367,0),(685,'宝马','BMW7系四门轿车（2009年之前上市）','745Li','雨刮片',373,564),(686,'宝马','BMW7系四门轿车（2009年之前上市）','750Li','机油机滤',1374,0),(687,'宝马','BMW7系四门轿车（2009年之前上市）','750Li','微尘滤清器',1070,0),(688,'宝马','BMW7系四门轿车（2009年之前上市）','750Li','后部制动片',1979,0),(689,'宝马','BMW7系四门轿车（2009年之前上市）','750Li','后部制动盘及制动片',4096,0),(690,'宝马','BMW7系四门轿车（2009年之前上市）','750Li','前部制动片',2002,3206),(691,'宝马','BMW7系四门轿车（2009年之前上市）','750Li','前部制动盘及制动片',6188,0),(692,'宝马','BMW7系四门轿车（2009年之前上市）','750Li','火花塞',1784,0),(693,'宝马','BMW7系四门轿车（2009年之前上市）','750Li','车辆检查',296,0),(694,'宝马','BMW7系四门轿车（2009年之前上市）','750Li','空气滤清器',734,0),(695,'宝马','BMW7系四门轿车（2009年之前上市）','750Li','雨刮片',373,564),(696,'宝马','BMW7系四门轿车（2009年之前上市）','760Li','机油机滤',1437,0),(697,'宝马','BMW7系四门轿车（2009年之前上市）','760Li','微尘滤清器',1070,0),(698,'宝马','BMW7系四门轿车（2009年之前上市）','760Li','后部制动片',1979,0),(699,'宝马','BMW7系四门轿车（2009年之前上市）','760Li','后部制动盘及制动片',4296,0),(700,'宝马','BMW7系四门轿车（2009年之前上市）','760Li','前部制动片',2002,3357),(701,'宝马','BMW7系四门轿车（2009年之前上市）','760Li','前部制动盘及制动片',6819,0),(702,'宝马','BMW7系四门轿车（2009年之前上市）','760Li','火花塞',4669,0),(703,'宝马','BMW7系四门轿车（2009年之前上市）','760Li','车辆检查',296,0),(704,'宝马','BMW7系四门轿车（2009年之前上市）','760Li','空气滤清器',771,0),(705,'宝马','BMW7系四门轿车（2009年之前上市）','760Li','雨刮片',373,564),(706,'宝马','BMW7系四门轿车','730Li','机油机滤',1161,0),(707,'宝马','BMW7系四门轿车','730Li','微尘滤清器',1003,1128),(708,'宝马','BMW7系四门轿车','730Li','后部制动片',1966,0),(709,'宝马','BMW7系四门轿车','730Li','后部制动盘及制动片',4209,0),(710,'宝马','BMW7系四门轿车','730Li','前部制动片',3613,0),(711,'宝马','BMW7系四门轿车','730Li','前部制动盘及制动片',6986,0),(712,'宝马','BMW7系四门轿车','730Li','火花塞',797,1301),(713,'宝马','BMW7系四门轿车','730Li','车辆检查',222,0),(714,'宝马','BMW7系四门轿车','730Li','空气滤清器',386,0),(715,'宝马','BMW7系四门轿车','730Li','雨刮片',658,0),(716,'宝马','BMW7系四门轿车','740Li','机油机滤',1161,0),(717,'宝马','BMW7系四门轿车','740Li','微尘滤清器',1228,0),(718,'宝马','BMW7系四门轿车','740Li','后部制动片',1966,0),(719,'宝马','BMW7系四门轿车','740Li','后部制动盘及制动片',4209,0),(720,'宝马','BMW7系四门轿车','740Li','前部制动片',3613,0),(721,'宝马','BMW7系四门轿车','740Li','前部制动盘及制动片',7896,0),(722,'宝马','BMW7系四门轿车','740Li','火花塞',1523,0),(723,'宝马','BMW7系四门轿车','740Li','车辆检查',222,0),(724,'宝马','BMW7系四门轿车','740Li','空气滤清器',386,0),(725,'宝马','BMW7系四门轿车','740Li','雨刮片',658,0),(726,'宝马','BMW7系四门轿车','750Li','机油机滤',1536,0),(727,'宝马','BMW7系四门轿车','750Li','微尘滤清器',1003,1228),(728,'宝马','BMW7系四门轿车','750Li','后部制动片',1966,0),(729,'宝马','BMW7系四门轿车','750Li','后部制动盘及制动片',4534,0),(730,'宝马','BMW7系四门轿车','750Li','前部制动片',3613,0),(731,'宝马','BMW7系四门轿车','750Li','前部制动盘及制动片',7896,0),(732,'宝马','BMW7系四门轿车','750Li','火花塞',1784,1858),(733,'宝马','BMW7系四门轿车','750Li','车辆检查',222,0),(734,'宝马','BMW7系四门轿车','750Li','空气滤清器',625,0),(735,'宝马','BMW7系四门轿车','750Li','雨刮片',658,0),(736,'宝马','BMW7系四门轿车','750LixDrive','机油机滤',1536,0),(737,'宝马','BMW7系四门轿车','750LixDrive','微尘滤清器',560,1228),(738,'宝马','BMW7系四门轿车','750LixDrive','后部制动片',1966,0),(739,'宝马','BMW7系四门轿车','750LixDrive','后部制动盘及制动片',4534,0),(740,'宝马','BMW7系四门轿车','750LixDrive','前部制动片',3613,0),(741,'宝马','BMW7系四门轿车','750LixDrive','前部制动盘及制动片',7896,0),(742,'宝马','BMW7系四门轿车','750LixDrive','火花塞',1784,0),(743,'宝马','BMW7系四门轿车','750LixDrive','车辆检查',222,0),(744,'宝马','BMW7系四门轿车','750LixDrive','空气滤清器',625,0),(745,'宝马','BMW7系四门轿车','750LixDrive','雨刮片',658,0),(746,'宝马','BMW7系四门轿车','760Li','机油机滤',1755,0),(747,'宝马','BMW7系四门轿车','760Li','微尘滤清器',560,0),(748,'宝马','BMW7系四门轿车','760Li','后部制动片',1966,0),(749,'宝马','BMW7系四门轿车','760Li','后部制动盘及制动片',4534,0),(750,'宝马','BMW7系四门轿车','760Li','前部制动片',3583,3613),(751,'宝马','BMW7系四门轿车','760Li','前部制动盘及制动片',7896,0),(752,'宝马','BMW7系四门轿车','760Li','火花塞',3046,0),(753,'宝马','BMW7系四门轿车','760Li','车辆检查',222,0),(754,'宝马','BMW7系四门轿车','760Li','空气滤清器',592,0),(755,'宝马','BMW7系四门轿车','760Li','雨刮片',658,0),(756,'宝马','BMW 2系 双门轿车','220i','机油机滤',965,0),(757,'宝马','BMW 2系 双门轿车','220i','微尘滤清器',559,0),(758,'宝马','BMW 2系 双门轿车','220i','后部制动片',1478,0),(759,'宝马','BMW 2系 双门轿车','220i','后部制动盘及制动片',3239,0),(760,'宝马','BMW 2系 双门轿车','220i','前部制动片',2239,0),(761,'宝马','BMW 2系 双门轿车','220i','前部制动盘及制动片',4233,0),(762,'宝马','BMW 2系 双门轿车','220i','火花塞',1050,0),(763,'宝马','BMW 2系 双门轿车','220i','车辆检查',222,0),(764,'宝马','BMW 2系 双门轿车','220i','空气滤清器',285,0),(765,'宝马','BMW 2系 双门轿车','220i','雨刮片',536,0),(766,'宝马','BMW 4系 双门轿跑车','428i','机油机滤',965,0),(767,'宝马','BMW 4系 双门轿跑车','428i','微尘滤清器',559,0),(768,'宝马','BMW 4系 双门轿跑车','428i','后部制动片',1478,0),(769,'宝马','BMW 4系 双门轿跑车','428i','后部制动盘及制动片',3274,0),(770,'宝马','BMW 4系 双门轿跑车','428i','前部制动片',2239,0),(771,'宝马','BMW 4系 双门轿跑车','428i','前部制动盘及制动片',4601,0),(772,'宝马','BMW 4系 双门轿跑车','428i','火花塞',1050,0),(773,'宝马','BMW 4系 双门轿跑车','428i','车辆检查',222,0),(774,'宝马','BMW 4系 双门轿跑车','428i','空气滤清器',285,0),(775,'宝马','BMW 4系 双门轿跑车','428i','雨刮片',528,0),(776,'宝马','BMW 4系 双门轿跑车','428i xDrive','机油机滤',965,0),(777,'宝马','BMW 4系 双门轿跑车','428i xDrive','微尘滤清器',559,0),(778,'宝马','BMW 4系 双门轿跑车','428i xDrive','后部制动片',1478,0),(779,'宝马','BMW 4系 双门轿跑车','428i xDrive','后部制动盘及制动片',3274,0),(780,'宝马','BMW 4系 双门轿跑车','428i xDrive','前部制动片',2239,0),(781,'宝马','BMW 4系 双门轿跑车','428i xDrive','前部制动盘及制动片',4601,0),(782,'宝马','BMW 4系 双门轿跑车','428i xDrive','火花塞',1050,0),(783,'宝马','BMW 4系 双门轿跑车','428i xDrive','车辆检查',222,0),(784,'宝马','BMW 4系 双门轿跑车','428i xDrive','空气滤清器',285,0),(785,'宝马','BMW 4系 双门轿跑车','428i xDrive','雨刮片',528,0),(786,'宝马','BMW 4系 双门轿跑车','435i','机油机滤',1161,0),(787,'宝马','BMW 4系 双门轿跑车','435i','微尘滤清器',559,0),(788,'宝马','BMW 4系 双门轿跑车','435i','后部制动片',1848,0),(789,'宝马','BMW 4系 双门轿跑车','435i','后部制动盘及制动片',4060,0),(790,'宝马','BMW 4系 双门轿跑车','435i','前部制动片',2239,0),(791,'宝马','BMW 4系 双门轿跑车','435i','前部制动盘及制动片',5396,0),(792,'宝马','BMW 4系 双门轿跑车','435i','火花塞',1757,0),(793,'宝马','BMW 4系 双门轿跑车','435i','车辆检查',222,0),(794,'宝马','BMW 4系 双门轿跑车','435i','空气滤清器',344,0),(795,'宝马','BMW 4系 双门轿跑车','435i','雨刮片',528,0),(796,'宝马','BMW 4系 双门轿跑车','435i xDrive','机油机滤',1161,0),(797,'宝马','BMW 4系 双门轿跑车','435i xDrive','微尘滤清器',559,0),(798,'宝马','BMW 4系 双门轿跑车','435i xDrive','后部制动片',1848,0),(799,'宝马','BMW 4系 双门轿跑车','435i xDrive','后部制动盘及制动片',4060,0),(800,'宝马','BMW 4系 双门轿跑车','435i xDrive','前部制动片',2239,0),(801,'宝马','BMW 4系 双门轿跑车','435i xDrive','前部制动盘及制动片',5396,0),(802,'宝马','BMW 4系 双门轿跑车','435i xDrive','火花塞',1757,0),(803,'宝马','BMW 4系 双门轿跑车','435i xDrive','车辆检查',222,0),(804,'宝马','BMW 4系 双门轿跑车','435i xDrive','空气滤清器',344,0),(805,'宝马','BMW 4系 双门轿跑车','435i xDrive','雨刮片',528,0),(806,'宝马','BMW M系','1系M','机油机滤',1161,0),(807,'宝马','BMW M系','1系M','微尘滤清器',383,0),(808,'宝马','BMW M系','1系M','后部制动片',2207,2787),(809,'宝马','BMW M系','1系M','后部制动盘及制动片',6978,0),(810,'宝马','BMW M系','1系M','前部制动片',2452,0),(811,'宝马','BMW M系','1系M','前部制动盘及制动片',7655,0),(812,'宝马','BMW M系','1系M','火花塞',1441,1575),(813,'宝马','BMW M系','1系M','车辆检查',222,0),(814,'宝马','BMW M系','1系M','空气滤清器',329,0),(815,'宝马','BMW M系','1系M','雨刮片',437,0),(816,'宝马','BMW M系','M3 四门轿车','机油机滤',2554,0),(817,'宝马','BMW M系','M3 四门轿车','微尘滤清器',1291,0),(818,'宝马','BMW M系','M3 四门轿车','后部制动片',2137,2267),(819,'宝马','BMW M系','M3 四门轿车','后部制动盘及制动片',6008,0),(820,'宝马','BMW M系','M3 四门轿车','前部制动片',2665,0),(821,'宝马','BMW M系','M3 四门轿车','前部制动盘及制动片',7942,0),(822,'宝马','BMW M系','M3 四门轿车','火花塞',3007,3288),(823,'宝马','BMW M系','M3 四门轿车','车辆检查',222,0),(824,'宝马','BMW M系','M3 四门轿车','空气滤清器',539,0),(825,'宝马','BMW M系','M3 四门轿车','雨刮片',496,0),(826,'宝马','BMW M系','M3 双门轿跑车','机油机滤',2554,0),(827,'宝马','BMW M系','M3 双门轿跑车','微尘滤清器',1291,0),(828,'宝马','BMW M系','M3 双门轿跑车','后部制动片',2137,2267),(829,'宝马','BMW M系','M3 双门轿跑车','后部制动盘及制动片',6008,0),(830,'宝马','BMW M系','M3 双门轿跑车','前部制动片',2665,0),(831,'宝马','BMW M系','M3 双门轿跑车','前部制动盘及制动片',7942,0),(832,'宝马','BMW M系','M3 双门轿跑车','火花塞',3007,3288),(833,'宝马','BMW M系','M3 双门轿跑车','车辆检查',222,0),(834,'宝马','BMW M系','M3 双门轿跑车','空气滤清器',539,0),(835,'宝马','BMW M系','M3 双门轿跑车','雨刮片',456,0),(836,'宝马','BMW M系','M3 敞篷轿跑车','机油机滤',2554,0),(837,'宝马','BMW M系','M3 敞篷轿跑车','微尘滤清器',1291,0),(838,'宝马','BMW M系','M3 敞篷轿跑车','后部制动片',2137,2267),(839,'宝马','BMW M系','M3 敞篷轿跑车','后部制动盘及制动片',6008,0),(840,'宝马','BMW M系','M3 敞篷轿跑车','前部制动片',2665,0),(841,'宝马','BMW M系','M3 敞篷轿跑车','前部制动盘及制动片',7942,0),(842,'宝马','BMW M系','M3 敞篷轿跑车','火花塞',3007,3288),(843,'宝马','BMW M系','M3 敞篷轿跑车','车辆检查',333,0),(844,'宝马','BMW M系','M3 敞篷轿跑车','空气滤清器',539,0),(845,'宝马','BMW M系','M3 敞篷轿跑车','雨刮片',456,0),(846,'宝马','BMW M系(自2005至2010年)','M5','机油机滤',2736,0),(847,'宝马','BMW M系(自2005至2010年)','M5','微尘滤清器',854,0),(848,'宝马','BMW M系(自2005至2010年)','M5','后部制动片',2100,2267),(849,'宝马','BMW M系(自2005至2010年)','M5','后部制动盘及制动片',6373,0),(850,'宝马','BMW M系(自2005至2010年)','M5','前部制动片',3605,0),(851,'宝马','BMW M系(自2005至2010年)','M5','前部制动盘及制动片',9783,0),(852,'宝马','BMW M系(自2005至2010年)','M5','火花塞',3805,0),(853,'宝马','BMW M系(自2005至2010年)','M5','车辆检查',370,0),(854,'宝马','BMW M系(自2005至2010年)','M5','空气滤清器',846,0),(855,'宝马','BMW M系(自2005至2010年)','M5','雨刮片',592,0),(856,'宝马','BMW M系(自2011年上市)','M5','机油机滤',1541,0),(857,'宝马','BMW M系(自2011年上市)','M5','微尘滤清器',1228,0),(858,'宝马','BMW M系(自2011年上市)','M5','后部制动片',2063,2375),(859,'宝马','BMW M系(自2011年上市)','M5','后部制动盘及制动片',7750,0),(860,'宝马','BMW M系(自2011年上市)','M5','前部制动片',5330,0),(861,'宝马','BMW M系(自2011年上市)','M5','前部制动盘及制动片',13340,0),(862,'宝马','BMW M系(自2011年上市)','M5','火花塞',2984,0),(863,'宝马','BMW M系(自2011年上市)','M5','车辆检查',259,0),(864,'宝马','BMW M系(自2011年上市)','M5','空气滤清器',680,0),(865,'宝马','BMW M系(自2011年上市)','M5','雨刮片',528,0),(866,'宝马','BMW M系(自2005年至2010年)','M6','机油机滤',2810,0),(867,'宝马','BMW M系(自2005年至2010年)','M6','微尘滤清器',854,0),(868,'宝马','BMW M系(自2005年至2010年)','M6','后部制动片',2100,2267),(869,'宝马','BMW M系(自2005年至2010年)','M6','后部制动盘及制动片',6373,0),(870,'宝马','BMW M系(自2005年至2010年)','M6','前部制动片',3605,0),(871,'宝马','BMW M系(自2005年至2010年)','M6','前部制动盘及制动片',9783,0),(872,'宝马','BMW M系(自2005年至2010年)','M6','火花塞',3805,0),(873,'宝马','BMW M系(自2005年至2010年)','M6','车辆检查',370,0),(874,'宝马','BMW M系(自2005年至2010年)','M6','空气滤清器',846,0),(875,'宝马','BMW M系(自2005年至2010年)','M6','雨刮片',693,0),(876,'宝马','BMW M系','X5M','机油机滤',1541,0),(877,'宝马','BMW M系','X5M','微尘滤清器',821,1274),(878,'宝马','BMW M系','X5M','后部制动片',2558,0),(879,'宝马','BMW M系','X5M','后部制动盘及制动片',5738,0),(880,'宝马','BMW M系','X5M','前部制动片',4474,0),(881,'宝马','BMW M系','X5M','前部制动盘及制动片',9983,0),(882,'宝马','BMW M系','X5M','火花塞',2807,0),(883,'宝马','BMW M系','X5M','车辆检查',296,0),(884,'宝马','BMW M系','X5M','空气滤清器',528,0),(885,'宝马','BMW M系','X5M','雨刮片',618,0),(886,'宝马','BMW M系','X6M','机油机滤',1541,0),(887,'宝马','BMW M系','X6M','微尘滤清器',821,1274),(888,'宝马','BMW M系','X6M','后部制动片',2558,0),(889,'宝马','BMW M系','X6M','后部制动盘及制动片',5738,0),(890,'宝马','BMW M系','X6M','前部制动片',4474,0),(891,'宝马','BMW M系','X6M','前部制动盘及制动片',9983,0),(892,'宝马','BMW M系','X6M','火花塞',2807,0),(893,'宝马','BMW M系','X6M','车辆检查',296,0),(894,'宝马','BMW M系','X6M','空气滤清器',528,0),(895,'宝马','BMW M系','X6M','雨刮片',618,0),(896,'宝马','BMW3系 四门轿车(2005-2008年上市)','320i','机油机滤',861,0),(897,'宝马','BMW3系 四门轿车(2005-2008年上市)','325i','机油机滤',1161,0),(898,'宝马','BMW3系 四门轿车(2005-2008年上市)','330i','机油机滤',1161,0),(899,'宝马','BMW3系 四门轿车(2008-2012年上市)','318i','机油机滤',861,0),(900,'宝马','BMW3系 四门轿车(2008-2012年上市)','320i','机油机滤',861,0),(901,'宝马','BMW3系 四门轿车(2008-2012年上市)','325i','机油机滤',1161,0),(902,'宝马','BMW3系 四门轿车(2008-2012年上市)','335i','机油机滤',1161,0),(903,'宝马','BMW3系 双门轿跑车','325i','机油机滤',1161,0),(904,'宝马','BMW3系 双门轿跑车','330i','机油机滤',1161,0),(905,'宝马','BMW3系 双门轿跑车','335i','机油机滤',1161,0),(906,'宝马','BMW3系 敞篷轿跑车','325i','机油机滤',1161,0),(907,'宝马','BMW3系 敞篷轿跑车','330i','机油机滤',1161,0),(908,'宝马','BMW3系 敞篷轿跑车','335i','机油机滤',1161,0),(909,'宝马','BMW3系 四门轿车(自2012年上市)','316i  ','机油机滤',865,0),(910,'宝马','BMW3系 四门轿车(自2012年上市)','320i','机油机滤',965,0),(911,'宝马','BMW3系 四门轿车(自2012年上市)','328i','机油机滤',965,0),(912,'宝马','BMW3系 四门轿车(自2012年上市)','320Li','机油机滤',965,0),(913,'宝马','BMW3系 四门轿车(自2012年上市)','328Li','机油机滤',965,0),(914,'宝马','BMW3系 四门轿车(自2012年上市)','335Li','机油机滤',1161,0),(915,'宝马','BMW3系 旅行轿车','320i','机油机滤',965,0),(916,'宝马','BMW3系 旅行轿车','328i','机油机滤',965,0),(917,'宝马','BMW3系 GT','320i','机油机滤',965,0),(918,'宝马','BMW3系 GT','328i','机油机滤',965,0),(919,'宝马','BMW3系 GT','335i','机油机滤',1161,0),(920,'宝马','BMW3系 四门轿车(2005-2008年上市)','320i','微尘滤清器',315,383),(921,'宝马','BMW3系 四门轿车(2005-2008年上市)','325i  ','微尘滤清器',315,383),(922,'宝马','BMW3系 四门轿车(2005-2008年上市)','330i ','微尘滤清器',315,383),(923,'宝马','BMW3系 四门轿车(2008-2012年上市)','318i','微尘滤清器',315,383),(924,'宝马','BMW3系 四门轿车(2008-2012年上市)','320i','微尘滤清器',315,383),(925,'宝马','BMW3系 四门轿车(2008-2012年上市)','325i','微尘滤清器',315,383),(926,'宝马','BMW3系 四门轿车(2008-2012年上市)','335i','微尘滤清器',315,383),(927,'宝马','BMW3系 双门轿跑车','325i','微尘滤清器',315,383),(928,'宝马','BMW3系 双门轿跑车','330i','微尘滤清器',315,383),(929,'宝马','BMW3系 双门轿跑车','335i','微尘滤清器',315,383),(930,'宝马','BMW3系 敞篷轿跑车','325i','微尘滤清器',315,383),(931,'宝马','BMW3系 敞篷轿跑车','330i','微尘滤清器',315,383),(932,'宝马','BMW3系 敞篷轿跑车','335i','微尘滤清器',315,383),(933,'宝马','BMW3系 四门轿车(自2012年上市)','316i','微尘滤清器',559,0),(934,'宝马','BMW3系 四门轿车(自2012年上市)','320i','微尘滤清器',559,0),(935,'宝马','BMW3系 四门轿车(自2012年上市)','328i','微尘滤清器',559,0),(936,'宝马','BMW3系 四门轿车(自2012年上市)','320Li','微尘滤清器',559,0),(937,'宝马','BMW3系 四门轿车(自2012年上市)','328Li','微尘滤清器',559,0),(938,'宝马','BMW3系 四门轿车(自2012年上市)','335Li','微尘滤清器',559,0),(939,'宝马','BMW3系 旅行轿车','320i','微尘滤清器',559,0),(940,'宝马','BMW3系 旅行轿车','328i','微尘滤清器',559,0),(941,'宝马','BMW3系 GT','320i','微尘滤清器',559,0),(942,'宝马','BMW3系 GT','328i','微尘滤清器',559,0),(943,'宝马','BMW3系 GT','335i','微尘滤清器',559,0),(944,'宝马','BMW3系 四门轿车(2005-2008年上市)','320i','后部制动片',1538,1696),(945,'宝马','BMW3系 四门轿车(2005-2008年上市)','325i','后部制动片',1538,1778),(946,'宝马','BMW3系 四门轿车(2005-2008年上市)','330i  ','后部制动片',1620,1778),(947,'宝马','BMW3系 四门轿车(2008-2012年上市)','318i','后部制动片',1538,1696),(948,'宝马','BMW3系 四门轿车(2008-2012年上市)','320i','后部制动片',1538,1696),(949,'宝马','BMW3系 四门轿车(2008-2012年上市)','325i','后部制动片',1538,1696),(950,'宝马','BMW3系 四门轿车(2008-2012年上市)','335i  ','后部制动片',1538,1696),(951,'宝马','BMW3系 双门轿跑车','325i','后部制动片',1538,1696),(952,'宝马','BMW3系 双门轿跑车','330i','后部制动片',1620,1778),(953,'宝马','BMW3系 双门轿跑车','335i','后部制动片',1620,1778),(954,'宝马','BMW3系 敞篷轿跑车','325i','后部制动片',1538,0),(955,'宝马','BMW3系 敞篷轿跑车','330i','后部制动片',1620,0),(956,'宝马','BMW3系 敞篷轿跑车','335i','后部制动片',1620,0),(957,'宝马','BMW3系 四门轿车(自2012年上市)','316i','后部制动片',1489,0),(958,'宝马','BMW3系 四门轿车(自2012年上市)','320i','后部制动片',1478,1778),(959,'宝马','BMW3系 四门轿车(自2012年上市)','328i','后部制动片',1478,1778),(960,'宝马','BMW3系 四门轿车(自2012年上市)','320Li','后部制动片',1489,0),(961,'宝马','BMW3系 四门轿车(自2012年上市)','328Li','后部制动片',1489,1999),(962,'宝马','BMW3系 四门轿车(自2012年上市)','335Li  ','后部制动片',1848,2092),(963,'宝马','BMW3系 旅行轿车','320i','后部制动片',1478,0),(964,'宝马','BMW3系 旅行轿车','328i','后部制动片',1478,0),(965,'宝马','BMW3系 GT','320i','后部制动片',1478,0),(966,'宝马','BMW3系 GT','328i','后部制动片',1478,0),(967,'宝马','BMW3系 GT','335i','后部制动片',1848,0),(968,'宝马','BMW3系 四门轿车','320i','后部制动盘及制动片',2571,3027),(969,'宝马','BMW3系 四门轿车','325i','后部制动盘及制动片',3027,0),(970,'宝马','BMW3系 四门轿车','330i','后部制动盘及制动片',3413,0),(971,'宝马','BMW3系 四门轿车(2008-2012年上市)','318i','后部制动盘及制动片',3027,0),(972,'宝马','BMW3系 四门轿车(2008-2012年上市)','320i','后部制动盘及制动片',3027,0),(973,'宝马','BMW3系 四门轿车(2008-2012年上市)','325i','后部制动盘及制动片',3027,0),(974,'宝马','BMW3系 四门轿车(2008-2012年上市)','335i  ','后部制动盘及制动片',3413,0),(975,'宝马','BMW3系 双门轿跑车','325i','后部制动盘及制动片',3027,0),(976,'宝马','BMW3系 双门轿跑车','330i','后部制动盘及制动片',3413,0),(977,'宝马','BMW3系 双门轿跑车','335i','后部制动盘及制动片',3413,0),(978,'宝马','BMW3系 敞篷轿跑车','325i','后部制动盘及制动片',3027,0),(979,'宝马','BMW3系 敞篷轿跑车','330i','后部制动盘及制动片',3413,0),(980,'宝马','BMW3系 敞篷轿跑车','335i','后部制动盘及制动片',3413,0),(981,'宝马','BMW3系 四门轿车(自2012年上市)','316i','后部制动盘及制动片',3285,0),(982,'宝马','BMW3系 四门轿车(自2012年上市)','320i','后部制动盘及制动片',3289,0),(983,'宝马','BMW3系 四门轿车(自2012年上市)','328i','后部制动盘及制动片',3274,0),(984,'宝马','BMW3系 四门轿车(自2012年上市)','320Li','后部制动盘及制动片',3248,0),(985,'宝马','BMW3系 四门轿车(自2012年上市)','328Li','后部制动盘及制动片',3248,0),(986,'宝马','BMW3系 四门轿车(自2012年上市)','335Li  ','后部制动盘及制动片',4023,0),(987,'宝马','BMW3系 旅行轿车','320i','后部制动盘及制动片',3274,0),(988,'宝马','BMW3系 旅行轿车','328i','后部制动盘及制动片',3274,0),(989,'宝马','BMW3系 GT','320i','后部制动盘及制动片',3274,0),(990,'宝马','BMW3系 GT','328i','后部制动盘及制动片',3274,0),(991,'宝马','BMW3系 GT','335i','后部制动盘及制动片',4060,0),(992,'宝马','BMW3系 四门轿车(2005-2008年上市)','320i','前部制动片',1849,2002),(993,'宝马','BMW3系 四门轿车(2005-2008年上市)','325i','前部制动片',1932,2010),(994,'宝马','BMW3系 四门轿车(2005-2008年上市)','330i','前部制动片',1940,0),(995,'宝马','BMW3系 四门轿车(2008-2012年上市)','318i','前部制动片',1849,0),(996,'宝马','BMW3系 四门轿车(2008-2012年上市)','320i','前部制动片',1849,2002),(997,'宝马','BMW3系 四门轿车(2008-2012年上市)','325i','前部制动片',1940,2010),(998,'宝马','BMW3系 四门轿车(2008-2012年上市)','335i','前部制动片',1940,0),(999,'宝马','BMW3系 双门轿跑车','325i','前部制动片',1932,2010),(1000,'宝马','BMW3系 双门轿跑车','330i','前部制动片',1932,1940),(1001,'宝马','BMW3系 双门轿跑车','335i','前部制动片',1940,0),(1002,'宝马','BMW3系 敞篷轿跑车','325i','前部制动片',932,2010),(1003,'宝马','BMW3系 敞篷轿跑车','330i','前部制动片',1932,0),(1004,'宝马','BMW3系 敞篷轿跑车','335i','前部制动片',1940,0),(1005,'宝马','BMW3系 四门轿车(自2012年上市)','316i','前部制动片',1989,0),(1006,'宝马','BMW3系 四门轿车(自2012年上市)','320i','前部制动片',1959,2239),(1007,'宝马','BMW3系 四门轿车(自2012年上市)','328i','前部制动片',2239,0),(1008,'宝马','BMW3系 四门轿车(自2012年上市)','320Li','前部制动片',1989,0),(1009,'宝马','BMW3系 四门轿车(自2012年上市)','328Li','前部制动片',1989,0),(1010,'宝马','BMW3系 四门轿车(自2012年上市)','335Li','前部制动片',2489,0),(1011,'宝马','BMW3系 旅行轿车','320i','前部制动片',1959,0),(1012,'宝马','BMW3系 旅行轿车','328i','前部制动片',2239,0),(1013,'宝马','BMW3系 GT','320i','前部制动片',1959,0),(1014,'宝马','BMW3系 GT','328i','前部制动片',2239,0),(1015,'宝马','BMW3系 GT','335i','前部制动片',2239,0),(1016,'宝马','BMW3系 四门轿车(2005-2008年上市)','320i','前部制动盘及制动片',3352,3443),(1017,'宝马','BMW3系 四门轿车(2005-2008年上市)','325i','前部制动盘及制动片',3525,3755),(1018,'宝马','BMW3系 四门轿车(2005-2008年上市)','330i  ','前部制动盘及制动片',3917,0),(1019,'宝马','BMW3系 四门轿车(2008-2012年上市)','318i','前部制动盘及制动片',3442,0),(1020,'宝马','BMW3系 四门轿车(2008-2012年上市)','320i','前部制动盘及制动片',3442,0),(1021,'宝马','BMW3系 四门轿车(2008-2012年上市)','325i','前部制动盘及制动片',3775,0),(1022,'宝马','BMW3系 四门轿车(2008-2012年上市)','335i','前部制动盘及制动片',4645,0),(1023,'宝马','BMW3系 双门轿跑车','325i','前部制动盘及制动片',3755,3917),(1024,'宝马','BMW3系 双门轿跑车','330i','前部制动盘及制动片',3917,3925),(1025,'宝马','BMW3系 双门轿跑车','335i','前部制动盘及制动片',4645,0),(1026,'宝马','BMW3系 敞篷轿跑车','325i','前部制动盘及制动片',3755,0),(1027,'宝马','BMW3系 敞篷轿跑车','330i','前部制动盘及制动片',3917,0),(1028,'宝马','BMW3系 敞篷轿跑车','335i','前部制动盘及制动片',4645,0),(1029,'宝马','BMW3系 四门轿车(自2012年上市)','316i','前部制动盘及制动片',3983,0),(1030,'宝马','BMW3系 四门轿车(自2012年上市)','320i','前部制动盘及制动片',3825,0),(1031,'宝马','BMW3系 四门轿车(自2012年上市)','328i','前部制动盘及制动片',4601,0),(1032,'宝马','BMW3系 四门轿车(自2012年上市)','320Li','前部制动盘及制动片',3983,0),(1033,'宝马','BMW3系 四门轿车(自2012年上市)','328Li','前部制动盘及制动片',3983,0),(1034,'宝马','BMW3系 四门轿车(自2012年上市)','335Li  ','前部制动盘及制动片',5683,0),(1035,'宝马','BMW3系 旅行轿车','320i','前部制动盘及制动片',3825,0),(1036,'宝马','BMW3系 旅行轿车','328i','前部制动盘及制动片',4601,0),(1037,'宝马','BMW3系 GT','320i','前部制动盘及制动片',3825,0),(1038,'宝马','BMW3系 GT','328i','前部制动盘及制动片',4601,0),(1039,'宝马','BMW3系 GT','335i','前部制动盘及制动片',5433,0),(1040,'宝马','BMW3系 四门轿车((2005-2008年上市))','320i','火花塞',892,929),(1041,'宝马','BMW3系 四门轿车((2005-2008年上市))','325i  ','火花塞',1375,1412),(1042,'宝马','BMW3系 四门轿车(2005-2008年上市)','330i','火花塞',1412,0),(1043,'宝马','BMW3系 四门轿车(2008-2012年上市)','318i','火花塞',892,990),(1044,'宝马','BMW3系 四门轿车(2008-2012年上市)','320i','火花塞',892,990),(1045,'宝马','BMW3系 四门轿车(2008-2012年上市)','325i','火花塞',871,1509),(1046,'宝马','BMW3系 四门轿车(2008-2012年上市)','335i','火花塞',1375,1715),(1047,'宝马','BMW3系 双门轿跑车','325i','火花塞',1375,0),(1048,'宝马','BMW3系 双门轿跑车','330i','火花塞',871,1375),(1049,'宝马','BMW3系 双门轿跑车','335i','火花塞',1544,1715),(1050,'宝马','BMW3系 敞篷轿跑车','325i','火花塞',871,1005),(1051,'宝马','BMW3系 敞篷轿跑车','330i','火花塞',1375,0),(1052,'宝马','BMW3系 敞篷轿跑车','335i','火花塞',1544,1715),(1053,'宝马','BMW3系 四门轿车(自2012年上市)','316i','火花塞',891,0),(1054,'宝马','BMW3系 四门轿车(自2012年上市)','320i','火花塞',1050,0),(1055,'宝马','BMW3系 四门轿车(自2012年上市)','328i','火花塞',1050,0),(1056,'宝马','BMW3系 四门轿车(自2012年上市)','320Li','火花塞',1050,0),(1057,'宝马','BMW3系 四门轿车(自2012年上市)','328Li','火花塞',1050,0),(1058,'宝马','BMW3系 四门轿车(自2012年上市)','335Li','火花塞',1757,0),(1059,'宝马','BMW3系 旅行轿车','320i','火花塞',1050,0),(1060,'宝马','BMW3系 旅行轿车','328i','火花塞',1050,0),(1061,'宝马','BMW3系 GT','320i','火花塞',1050,0),(1062,'宝马','BMW3系 GT','328i','火花塞',1050,0),(1063,'宝马','BMW3系 GT','335i','火花塞',1757,0),(1064,'宝马','BMW3系 四门轿车(2005-2008年上市)','320i','车辆检查',296,0),(1065,'宝马','BMW3系 四门轿车(2005-2008年上市)','325i','车辆检查',296,0),(1066,'宝马','BMW3系 四门轿车(2005-2008年上市)','330i','车辆检查',296,0),(1067,'宝马','BMW3系 四门轿车(2008-2012年上市)','318i','车辆检查',222,0),(1068,'宝马','BMW3系 四门轿车(2008-2012年上市)','320i','车辆检查',222,0),(1069,'宝马','BMW3系 四门轿车(2008-2012年上市)','325i','车辆检查',222,0),(1070,'宝马','BMW3系 四门轿车(2008-2012年上市)','335i','车辆检查',222,0),(1071,'宝马','BMW3系 双门轿跑车','325i','车辆检查',296,0),(1072,'宝马','BMW3系 双门轿跑车','330i','车辆检查',296,0),(1073,'宝马','BMW3系 双门轿跑车','335i','车辆检查',222,0),(1074,'宝马','BMW3系 敞篷轿跑车','325i','车辆检查',296,0),(1075,'宝马','BMW3系 敞篷轿跑车','330i','车辆检查',296,0),(1076,'宝马','BMW3系 敞篷轿跑车','335i','车辆检查',296,0),(1077,'宝马','BMW3系 四门轿车(自2012年上市)','316i','车辆检查',222,0),(1078,'宝马','BMW3系 四门轿车(自2012年上市)','320i','车辆检查',222,0),(1079,'宝马','BMW3系 四门轿车(自2012年上市)','328i','车辆检查',222,0),(1080,'宝马','BMW3系 四门轿车(自2012年上市)','320Li','车辆检查',222,0),(1081,'宝马','BMW3系 四门轿车(自2012年上市)','328Li','车辆检查',222,0),(1082,'宝马','BMW3系 四门轿车(自2012年上市)','335Li','车辆检查',222,0),(1083,'宝马','BMW3系 旅行轿车','320i','车辆检查',222,0),(1084,'宝马','BMW3系 旅行轿车','328i','车辆检查',222,0),(1085,'宝马','BMW3系 GT','320i','车辆检查',222,0),(1086,'宝马','BMW3系 GT','328i','车辆检查',222,0),(1087,'宝马','BMW3系 GT','335i','车辆检查',222,0),(1088,'宝马','BMW3系 四门轿车(2005-2008年上市)','320i','空气滤清器',319,0),(1089,'宝马','BMW3系 四门轿车(2005-2008年上市)','325i','空气滤清器',366,0),(1090,'宝马','BMW3系 四门轿车(2005-2008年上市)','330i  ','空气滤清器',366,0),(1091,'宝马','BMW3系 四门轿车(2008-2012年上市)','318i','空气滤清器',319,0),(1092,'宝马','BMW3系 四门轿车(2008-2012年上市)','320i','空气滤清器',319,0),(1093,'宝马','BMW3系 四门轿车(2008-2012年上市)','325i','空气滤清器',366,0),(1094,'宝马','BMW3系 四门轿车(2008-2012年上市)','335i','空气滤清器',329,0),(1095,'宝马','BMW3系 双门轿跑车','325i','空气滤清器',366,0),(1096,'宝马','BMW3系 双门轿跑车','330i','空气滤清器',366,0),(1097,'宝马','BMW3系 双门轿跑车','335i','空气滤清器',329,0),(1098,'宝马','BMW3系 敞篷轿跑车','325i','空气滤清器',366,0),(1099,'宝马','BMW3系 敞篷轿跑车','330i','空气滤清器',366,0),(1100,'宝马','BMW3系 敞篷轿跑车','335i','空气滤清器',329,0),(1101,'宝马','BMW3系 四门轿车(自2012年上市)','316i','空气滤清器',285,0),(1102,'宝马','BMW3系 四门轿车(自2012年上市)','320i','空气滤清器',285,0),(1103,'宝马','BMW3系 四门轿车(自2012年上市)','328i','空气滤清器',285,0),(1104,'宝马','BMW3系 四门轿车(自2012年上市)','320Li','空气滤清器',285,0),(1105,'宝马','BMW3系 四门轿车(自2012年上市)','328Li','空气滤清器',285,0),(1106,'宝马','BMW3系 四门轿车(自2012年上市)','335Li','空气滤清器',344,0),(1107,'宝马','BMW3系 旅行轿车','320i','空气滤清器',285,0),(1108,'宝马','BMW3系 旅行轿车','328i','空气滤清器',285,0),(1109,'宝马','BMW3系 GT','320i','空气滤清器',285,0),(1110,'宝马','BMW3系 GT','328i','空气滤清器',285,0),(1111,'宝马','BMW3系 GT','335i','空气滤清器',344,0),(1112,'宝马','BMW3系 四门轿车(2005-2008年上市)','320i','雨刮片',496,0),(1113,'宝马','BMW3系 四门轿车(2005-2008年上市)','325i','雨刮片',496,0),(1114,'宝马','BMW3系 四门轿车(2005-2008年上市)','330i  ','雨刮片',496,0),(1115,'宝马','BMW3系 四门轿车(2008-2012年上市)','318i','雨刮片',496,0),(1116,'宝马','BMW3系 四门轿车(2008-2012年上市)','320i','雨刮片',496,0),(1117,'宝马','BMW3系 四门轿车(2008-2012年上市)','325i','雨刮片',496,0),(1118,'宝马','BMW3系 四门轿车(2008-2012年上市)','335i','雨刮片',496,0),(1119,'宝马','BMW3系 双门轿跑车','325i','雨刮片',456,0),(1120,'宝马','BMW3系 双门轿跑车','330i','雨刮片',456,0),(1121,'宝马','BMW3系 双门轿跑车','335i','雨刮片',456,0),(1122,'宝马','BMW3系 敞篷轿跑车','325i','雨刮片',456,0),(1123,'宝马','BMW3系 敞篷轿跑车','330i','雨刮片',456,0),(1124,'宝马','BMW3系 敞篷轿跑车','335i','雨刮片',456,0),(1125,'宝马','BMW3系 四门轿车(自2012年上市)','316i','雨刮片',666,0),(1126,'宝马','BMW3系 四门轿车(自2012年上市)','320i','雨刮片',666,0),(1127,'宝马','BMW3系 四门轿车(自2012年上市)','328i','雨刮片',666,0),(1128,'宝马','BMW3系 四门轿车(自2012年上市)','320Li','雨刮片',666,0),(1129,'宝马','BMW3系 四门轿车(自2012年上市)','328Li','雨刮片',666,0),(1130,'宝马','BMW3系 四门轿车(自2012年上市)','335Li  ','雨刮片',666,0),(1131,'宝马','BMW3系 旅行轿车','320i','雨刮片',666,0),(1132,'宝马','BMW3系 旅行轿车','328i','雨刮片',666,0),(1133,'宝马','BMW3系 GT','320i','雨刮片',666,0),(1134,'宝马','BMW3系 GT','328i','雨刮片',666,0),(1135,'宝马','BMW3系 GT','335i','雨刮片',666,0);
/*!40000 ALTER TABLE `bmw_price` ENABLE KEYS */;
UNLOCK TABLES;

--
-- Table structure for table `bmw_project`
--

DROP TABLE IF EXISTS `bmw_project`;
/*!40101 SET @saved_cs_client     = @@character_set_client */;
/*!40101 SET character_set_client = utf8 */;
CREATE TABLE `bmw_project` (
  `id` int(11) unsigned NOT NULL AUTO_INCREMENT,
  `series` varchar(255) NOT NULL,
  `models` varchar(255) NOT NULL,
  `a` char(64) NOT NULL,
  `b` char(64) NOT NULL,
  `c` char(64) NOT NULL,
  `d` char(64) NOT NULL,
  `e` char(64) NOT NULL,
  `f` char(64) NOT NULL,
  `g` char(64) NOT NULL,
  `h` char(64) NOT NULL,
  `i` char(64) NOT NULL,
  `j` char(64) NOT NULL,
  `k` char(64) NOT NULL,
  `l` char(64) NOT NULL,
  `m` char(255) NOT NULL,
  PRIMARY KEY (`id`)
) ENGINE=InnoDB AUTO_INCREMENT=398 DEFAULT CHARSET=utf8;
/*!40101 SET character_set_client = @saved_cs_client */;

--
-- Dumping data for table `bmw_project`
--

LOCK TABLES `bmw_project` WRITE;
/*!40000 ALTER TABLE `bmw_project` DISABLE KEYS */;
INSERT INTO `bmw_project` VALUES (268,'BMW1系两厢轿车（2011年之前上市）','120i','861','304/378','315/383','1538','2571','1740/1849','3243/3442','892/929','296','319','562/1069','437',''),(269,'BMW1系两厢轿车（2011年之前上市）','130i','1161','304','315/383','1538','3027','2002/2010','3987/3995','1375/1412','296','366','562/1069','437',''),(270,'BMW1系两厢轿车','116i','865','304','433/559','1478','2818','1729/1999','3421','891','222','285','562','536',''),(271,'BMW1系两厢轿车','118i','865','304','433/559','1478','2818','1959','3825','891','222','285','562','536',''),(272,'BMW1系两厢轿车','125i','965','304','433/559','1478','3239','2239','4233','1050','222','285','562','536',''),(273,'BMW3系四门轿车(2005-2008年上市）','320i','861','304/378','383/315','1538/1696','2571/3027','1849/2002','3352/3442','892/929','296','319','1069','496',''),(274,'BMW3系四门轿车(2005-2008年上市）','325i','1161','304/378','383/315','1538/1778','3027','1932/2010','3525/3755','1375/1412','296','366','1069','496',''),(275,'BMW3系四门轿车(2005-2008年上市） ','330i','1161','304/378','383/315','1620/1778','3413','1940','3917','1412','296','366','1069','496',''),(276,'BMW3系四门轿车(2008-2012年上市）','318i','861','304','383/315','1538/1696','3027','1849','3442','892/990','222','319','1069','496',''),(277,'BMW3系四门轿车(2008-2012年上市） ','320i','861','304','383/315','1538/1696','3027','1849/2002','3442','892/990','222','319','1069','496',''),(278,'BMW3系四门轿车(2008-2012年上市） ','325i','1538/1696','304','383/315','1538/1696','3027','1940/2010','3775','1509/1375/871/1005','222','366','1069','496',''),(279,'BMW3系四门轿车(2008-2012年上市）','335i','1161','304','383/315','1538/1696','3413','1940','4645','1375/1509/1433/1715','222','329','562/1069/2473','496',''),(280,'BMW3系双门轿跑车','325i','1161','304','383/315','1538/1696','3027','1932/2010','3755/3917','1375','296','366','1106','456',''),(281,'BMW3系双门轿跑车','330i','1161','304','383/315','1620/1778','3413','1932/1940','3917/3925','871/1005/1375','296','366','1106/1032','456',''),(282,'BMW3系双门轿跑车','335i','1161','304/378','383/315','1620/1778','3413','1940','4645','1544/1715','222','329','1106/1032','456',''),(283,'BMW3系敞篷轿跑车','325i','1161','304','383','1538','3027','1932/1940/2010','3755','871','296','366','1106','456',''),(284,'BMW3系敞篷轿跑车','330i','1161','304','383','1620','3413','1932','3917','1375','296','366','1106','456',''),(285,'BMW3系敞篷轿跑车','335i','1161','304','383','1620','3413','1940','4645','1544','296','329','1106','456',''),(286,'BMW3系四门轿车（自2012年上市）','316i','865','304','559','1489','3285','1989','3983','891','222','285','562','666',''),(287,'BMW3系四门轿车（自2012年上市）','320i','965','304','559','1478','3239','1959','3825','1050','222','285','562','666',''),(288,'BMW3系四门轿车（自2012年上市）','328i','965','304','559','1478','3274','2239','4601','1050','222','285','562','666',''),(289,'BMW3系四门轿车（自2012年上市）','320Li','965','304','559','1489','3248','1989','3983','1050','222','285','562','666',''),(290,'BMW3系四门轿车（自2012年上市）','328Li','965','304','559','1489','3248','1989','3983','1050','222','285','562','666',''),(291,'BMW3系四门轿车（自2012年上市）','335Li','1161','304','559','1848','4023','2489','5683','1757','222','344','562','666',''),(292,'BMW3系旅行轿车 ','320i','965','304','559','1478','3274','1959','3825','1050','222','285','562','666',''),(293,'BMW3系旅行轿车 ','328i','965','304','559','1478','3274','2239','4601','1050','222','285','562','666',''),(294,'BMW3系GT','320i','965','304','559','1478','3274','1959','3825','1050','222','285','562','666',''),(295,'BMW3系GT','328i','965','304','559','1478','3274','2239','4601','1050','222','285','562','666',''),(296,'BMW3系GT','335i','1161','304','559','1848','4060','2239','5433','1757','222','344','562','666',''),(297,'BMW7系四门轿车（2009年之前上市）','730LiM54*','1243','341','1070','1774','3331','2002','4536','1449','296','367','1161','373/564',''),(298,'BMW7系四门轿车（2009年之前上市）','730LiN52*','1161','341','1070','1774','3331','2002','4536','1486','296','367','1135','373/564',''),(299,'BMW7系四门轿车（2009年之前上市）','735Li','1374','341','1070','1774','3331','2002','4536','1784','296','367','1161','373/564',''),(300,'BMW7系四门轿车（2009年之前上市）','740Li','1374','341','1070','1979','4096','2002','4826','1784','296','367','1161','373/564',''),(301,'BMW7系四门轿车（2009年之前上市）','745Li','1374','341','1070','1979','3840','2002','4826','1784','296','367','1161','373/564',''),(302,'BMW7系四门轿车（2009年之前上市）','750Li','1374','341','1070','1979','4096','2002/3206','6188','1784','296','734','1161','373/564',''),(303,'BMW7系四门轿车（2009年之前上市）','760Li','1437','341','1070','1979','4298','2002/3357','6819','4669','296','771','1171','373/564',''),(304,'BMW7系四门轿车','730Li','1161','304','1003/1128','1966','4209','3613','6986','797/1301','222','386','1742','658',''),(305,'BMW7系四门轿车','740Li','1161','304','1228','1966','4209','3613','7896','1523','222','386','1742','658',''),(306,'BMW7系四门轿车','750Li','1536','304','1003/1228','1966','4534','3613','7896','1784/1858','222','625','1742','658',''),(307,'BMW7系四门轿车','750LixDrive','1536','304','560/1228','1966','4534','3613','7896','1784','222','625','1742','658',''),(308,'BMW7系四门轿车','760Li','1755','304','560/1228','1936','4534','3583/3613','7896','3046','296','592','1742','658',''),(309,'BMW M系','1系M','1161','378','383','2787/2207','6978','2452','7655','1441/1575','222','329','562/2426','437',''),(310,'BMW M系四门轿车','M3','2554','415','1291','2137/2267','6008','2665','7942','3007/3288','222','539','4676','496',''),(311,'BMW M系双门轿跑车','M3','2554','415','1291','2137/2267','6008','2665','7942','3007/3288','222','539','4676','456',''),(312,'BMW M系敞篷轿跑车','M3','2554','415','1291','2137/2267','6008','2665','7942','3007/3288','333','539','4602','456',''),(313,'BMW M系（自2005年至2010年）','M5','2736','378','854','2100/2267','6373','3605','9783','3805','370','846','3236','592',''),(314,'BMW M系（自2011年上市）','M5','1541','304/341','1228','2163/2375','7750','5330','13340','2984','259','680','599','528',''),(315,'BMW M系（自2005年至2010年）','M6','2810','378','854','2100/2267','6373','3605','9783','3805','370','848','3236','693',''),(316,'BMW M系（自2005年至2010年）','X5M','1541','341','821/1274','2558/2558','5738','4474','9983','2807','296','528','2127','618',''),(317,'BMW M系（自2005年至2010年）','X6M','1541','341','821/1274','2558/2558','5738','4474','9983','2807','296','528','2127','618',''),(318,'BMW2系双门轿车','220i','965','304','559','1478','3239','2239','4233','1050','222','285','562','536',''),(319,'BMW4系双门轿跑车','428i','965','304','559','1478','3274','2239','4601','1050','222','285','562','528',''),(320,'BMW4系双门轿跑车','428i xDrive','965','304','559','1478','3274','2239','4601','1050','222','285','562','528',''),(321,'BMW4系双门轿跑车','435i','1161','304','559','1848','4060','2239','5396','1757','222','344','562','528',''),(322,'BMW4系双门轿跑车','435i xDrive','1161','304','559','1848','4060','2239','5396','1757','222','344','562','528',''),(323,'BMW X1(2012年之前上市)','sDrive 18i','861','304','383','1534/1692','3023','2017','3762','892/990','222','319','525','476',''),(324,'BMW X1(2012年之前上市)','xDrive 25i','1161','304','383','1534/1692','3023','1951','3936','871/1005','222','366','525','476',''),(325,'BMW X1(2012年之前上市)','xDrive 28i','1161','304','383','1534/1616/1692','3023/3409','1951','4656','705/871/815/1375','222','366','525','476',''),(326,'BMW X1','sDrive 18i','861','304','383','1534/1692','3023','2017','3762','892/990','222','319','525','476',''),(327,'BMW X1','sDrive 20i','965','304','383','1534/1692','3023','2017','3762','705/815','222','365','525','476',''),(328,'BMW X1','xDrive 20i','1036','304','383','1534/1692','3023','2021','3766','705/815','222','365','525','476',''),(329,'BMW X1','xDrive 28i','1036','304','383','1534/1692','3023','2021','3766','705/815','222','365','525','476',''),(330,'BMW X3','20i','948','304','524/567','1775','3921','2086','4658','668','222','386','710','541',''),(331,'BMW X3','28i','1161','304','397/524/567','1775','3921','2086','4658','797','222','386','710','541',''),(332,'BMW X3','35i','1161','304','397/524/567','1775','3921','2086','4658','1412','222','386','710','541',''),(333,'BMW X5','3.0si','1161','341','821/1274','2198','4018','2851','5593','834/1338','370','384','1778/1911','618',''),(334,'BMW X5','4.8i','1375','341','821/1274','1988','4246','2422/2851','5884','1932','296','925','1778/1913','618',''),(335,'BMW X5','35i','1161','341','821/1274','2198','4018','2828','5810','1412','296','386','2127/4002','618',''),(336,'BMW X5','40i','1161','341','821/1274','2198','4018','2828','5810','1412','222','386','2127/2201/4002','618',''),(337,'BMW X5','50i','1536','341','821/1274','1988','4246','3617','8231','2030','296','1019/1202','2127/4052','618',''),(338,'BMW X5 (2014年上市)','sDrive30d','1179','304','1274','2198','4821','2828','5787','','222','605','733','666',''),(339,'BMW X5 (2014年上市)','sDrive35i','1161','305','1274','1988','4611','2828','5787','','222','386','2127','666',''),(340,'BMW X5 (2014年上市)','sDrive50i','1525','306','1274','1988','4611','3617','8448','1392','222','670','2127','666',''),(341,'BMW X6','3.5ix','1161','341','821/1274','1988/2198','4246','2851','5833','1375/1560','296','386','2127/4039','618',''),(342,'BMW X6','5.0i','1536','341','821/1274','2248','5428','2422/3622','8236','2326','296','1019','1911/2127','618',''),(343,'BMW X6(2012年上市)','35i','1161','341','821/1274','1998/2198','4018/4246','2422/2828','5810/5884','1375/1560','296','386','1911/2127','618',''),(344,'BMW X6(2012年上市)','40i','1161','341','821/1274','2198','4018','2828','5810','1375','222','386','2127','618',''),(345,'BMW X6(2012年上市)','50i','1536','341','821/1274','2248','5428','3622','8236','2326','296','1019','2127','618',''),(346,'BMWx3','2.5i','1057','304','430/457','1481','3385','1902','3924','1301','','328','1478','275',''),(347,'BMWx3','2.5si','1124','304','430/457','1481','3385','1902','3924','1375','','328','1478','275',''),(348,'BMWx3','3.0i','1057/1131','304','430/457','1481','3385','1902','3924','1301','','328','1478','275',''),(349,'BMWx3','3.0si','1124','304','430/457','1481','3385','1902','3924','1375','','328','1478','275',''),(350,'BMWx5','3.0i','1220','415','468','1450','2623','1722','3875','1301','','315','1111','271',''),(351,'BMWx5','4.4iM62*','1323/1397','415','468','1450','2623','1722','3905','1858','','315','1111','271',''),(352,'BMWx5','4.4iN62*','1411','415','468','1450','2623','1722','3905','1858','','315','1111','271',''),(353,'BMWx5','4.6is','1323','415','468','1450','2623','1722','6083','1858','','315','1111','271',''),(354,'BMWx5','4.8is','1338','415','468','1450','2623','1722','3905','1858','','315','1111','271',''),(355,'BMW6系双门轿跑车','630i','1161','378','854','1603/1742','3534','1767','4029','1523','370','350','1461','693',''),(356,'BMW6系双门轿跑车','645i','1375','378','854','1840/1979','3950','2002','4826','1932','370','350','1461','693',''),(357,'BMW6系双门轿跑车','650i','1375','526','854','1840/1979','3950','2002/3262','6820','1932','370','350','1461','693',''),(358,'BMW6系敞篷轿跑车','630i','1161','378','854','1603/1742','3534','1767','4029','1019/1523','592','350','1461','693',''),(359,'BMW6系敞篷轿跑车','645i','1375','378','854','1840/1979','3951','2002','4826','1932','592','350','1461','693',''),(360,'BMW6系敞篷轿跑车','650i','1375','378/489','854','1840/1979','3951','2002/3262','6820','1932','592','350','1461','693',''),(361,'BMW Z4敞篷跑车','sDrive 23i','1161','304','437/556','1694','3197','1957','3550','1367/1428','222','328','2162','490',''),(362,'BMW Z4敞篷跑车','sDrive 30i','1161','304','437/556','1694','3197','1957','4390','1367/1428','222','328','2162','490',''),(363,'BMW Z4敞篷跑车','sDrive 35i','1161','378','437/556','1809','3522','1957','5286','1367/1428','222','329','2326','490',''),(364,'新BMW Z4敞篷跑车(2013年上市)','sDrive20i','965','304','556','1694','3197','1957','3550','668/717','222','329','2326','490',''),(365,'新BMW Z4敞篷跑车(2013年上市)','sDrive28i','965','304','556','1694','3225','1957','4390','668/717','222','329','2326','490',''),(366,'新BMW Z4敞篷跑车(2013年上市)','sDrive35i','1161','378','556','1809','3522','1957','5286','1367/1428','222','329','2326','490',''),(367,'新BMW Z4敞篷跑车(2013年上市)','sDrive35is','1161','378','556','1809','3522','1957','5286','1367/1428','222','329','2348','490',''),(368,'BMW5系四门轿车（2010年之前上市）','520i','1132','378','854','1603/1742','3534','1767/2002','4029','1301','370','350','1461','592',''),(369,'BMW5系四门轿车（2010年之前上市）','520Li','861','378','854','1603/1742','3534','1767','3853','1240','259','350','673/1461','592',''),(370,'BMW5系四门轿车（2010年之前上市）','523i/523Li','1161','378','854','1603/1742','3534','1767','3853','1523','370','350','1461','592',''),(371,'BMW5系四门轿车（2010年之前上市）','525iM54﹡','1132','378','854','1603/1742','3534','1767/2002','3853','1301','370','350','1461','592',''),(372,'BMW5系四门轿车（2010年之前上市）','525i/525LiN52﹡','1161','378','854','1603/1742','3534','1767','3853','1301/1523','370','350','1461','592',''),(373,'BMW5系四门轿车（2010年之前上市）','530i/530LiN52﹡','1161','378','854','1603/1742','3534','2002','4029','1019/1523','370','350','1461','592',''),(374,'BMW5系四门轿车（2010年之前上市）','530iM54﹡','1132','378','854','1603/1742','3534','2002','4029','1301','370','350','1461','592',''),(375,'BMW5系四门轿车（2010年之前上市）','540i','1375','526','854','1840/1979','3950','2002/3262','4826','1932','370','350','1461','592',''),(376,'BMW5系四门轿车（2010年之前上市）','545i','1375','378','854','1840/1979','3950','2002/3262','4826','1932','370','350','1461','592',''),(377,'BMW5系四门轿车（2010年之前上市）','550i','1375','378','854','1840/1979','3950','2002/3262','6820','1932','370','350','1461','592',''),(378,'BMW5系旅行轿车（2010年之前上市）','520i','965','304','1228','1683','3785','1989','4544','668','259','408','599','528',''),(379,'BMW5系旅行轿车（2010年之前上市）','528i','965','304','1228','1683','3785','2089','5500','668','259','408','599','528',''),(380,'BMW5系旅行轿车（2010年之前上市）','528ixDrive','942','304','1228','1683','3785','2089','5500','668','259','408','599','528',''),(381,'BMW5系四门轿车','520Li','965/1161','304','1228','1746/1646','3480','1949/2089','4072/4948','668/797','259','429','599','528',''),(382,'BMW5系四门轿车','523Li','1161','304','1228','1746/1646','3480','1949/2089','4072','668/797','259','429','599','528',''),(383,'BMW5系四门轿车','525Li','965','304','1228','1746/1646','3480','1949','4072','668/797','259','408/429','599','528',''),(384,'BMW5系四门轿车','528Li','1161','304','1228','1746/1646','3480','1949','4072','797','259','429','599','528',''),(385,'BMW5系四门轿车','530Li','1161','304','1228','1746/1646','3480','1949/2089','4072/4212','797','259','429','599','528',''),(386,'BMW5系四门轿车','535Li','1161','304','1228','1746/1646','3480','2089','4908','1449','259','386','599','528',''),(387,'BMW5系四门轿车','520i','965','304','1228','1646','3748','1989','4544','656','259','408','599','528',''),(388,'BMW5系四门轿车','523i','1161','304','1228','1646','3748','1989','4544','797','259','429','599','528',''),(389,'BMW5系四门轿车','528ixDrive','942','304','1228','1646','3748','2089','5500','656','259','408','599','528',''),(390,'BMW5系四门轿车','535i','1161','304','1228','1646/1906','4075','2089/3613','6986','1449','259','386','599','528',''),(391,'BMW5系四门轿车','535ixDrive','1161','304','1228','1646/1906','4305','2089/3613','6986','1449','259','386','599','528',''),(392,'BMW5系GT','GranTurismo35i','1161','304','1228','1940','4183','3613','6986','1449','222','386','562','658',''),(393,'BMW5系GT','GranTurismo50i','1536','304','1228','1940','4508','3613','7896','1821','222','699','562','658',''),(394,'BMW Z4敞篷跑车','2.5si ','1198','304','519/603','1203/1293','2766','1412','2864','1338','','328','2712','292','1679'),(395,'BMW Z4敞篷跑车','3.0i ','1198','304','519/603','1203/1293','2766','1651','2864','1338','','328','3365','292','1679'),(396,'BMW Z4敞篷跑车','3.0si ','1169','304','519/603','1203/1293','2766','1412','3673','1301','','328','3365','292','1650'),(397,'BMW Z4双门轿跑车','3.0si','1198','304','519/603','1203/1293','2766','1651','3673','1338','','328','2712','292','1679');
/*!40000 ALTER TABLE `bmw_project` ENABLE KEYS */;
UNLOCK TABLES;

--
-- Table structure for table `bmw_prompt`
--

DROP TABLE IF EXISTS `bmw_prompt`;
/*!40101 SET @saved_cs_client     = @@character_set_client */;
/*!40101 SET character_set_client = utf8 */;
CREATE TABLE `bmw_prompt` (
  `id` int(10) unsigned NOT NULL AUTO_INCREMENT,
  `message` text NOT NULL,
  `title` char(255) NOT NULL,
  PRIMARY KEY (`id`)
) ENGINE=InnoDB AUTO_INCREMENT=2 DEFAULT CHARSET=utf8;
/*!40101 SET character_set_client = @saved_cs_client */;

--
-- Dumping data for table `bmw_prompt`
--

LOCK TABLES `bmw_prompt` WRITE;
/*!40000 ALTER TABLE `bmw_prompt` DISABLE KEYS */;
INSERT INTO `bmw_prompt` VALUES (1,'阿斯达爱上了肯定就按了伤口就爱了开始就对啦时刻记得了萨克','aa');
/*!40000 ALTER TABLE `bmw_prompt` ENABLE KEYS */;
UNLOCK TABLES;

--
-- Table structure for table `bmw_series`
--

DROP TABLE IF EXISTS `bmw_series`;
/*!40101 SET @saved_cs_client     = @@character_set_client */;
/*!40101 SET character_set_client = utf8 */;
CREATE TABLE `bmw_series` (
  `id` int(10) unsigned NOT NULL AUTO_INCREMENT,
  `series` char(255) NOT NULL,
  `bid` int(11) NOT NULL DEFAULT '1',
  PRIMARY KEY (`id`)
) ENGINE=InnoDB AUTO_INCREMENT=8 DEFAULT CHARSET=utf8;
/*!40101 SET character_set_client = @saved_cs_client */;

--
-- Dumping data for table `bmw_series`
--

LOCK TABLES `bmw_series` WRITE;
/*!40000 ALTER TABLE `bmw_series` DISABLE KEYS */;
INSERT INTO `bmw_series` VALUES (1,'BMW 2系 双门轿车\r\n',1),(2,'BMW3系 四门轿车(自2012年上市)\r\n',1),(3,'BMW 4系 双门轿跑车',1),(4,'BMW5系旅行轿车（2010年之前上市）\r\n',1),(5,'BMW7系四门轿车（2009年之前上市）\r\n',1),(6,'BMW M系(自2005年至2010年)\r\n',1),(7,'BMW Z4敞篷跑车\r\n',1);
/*!40000 ALTER TABLE `bmw_series` ENABLE KEYS */;
UNLOCK TABLES;

--
-- Table structure for table `bmw_servicecar`
--

DROP TABLE IF EXISTS `bmw_servicecar`;
/*!40101 SET @saved_cs_client     = @@character_set_client */;
/*!40101 SET character_set_client = utf8 */;
CREATE TABLE `bmw_servicecar` (
  `id` int(10) unsigned NOT NULL AUTO_INCREMENT,
  `name` char(255) NOT NULL,
  `carName` char(255) NOT NULL DEFAULT '0',
  `oid` int(11) DEFAULT NULL,
  PRIMARY KEY (`id`)
) ENGINE=InnoDB AUTO_INCREMENT=5 DEFAULT CHARSET=utf8;
/*!40101 SET character_set_client = @saved_cs_client */;

--
-- Dumping data for table `bmw_servicecar`
--

LOCK TABLES `bmw_servicecar` WRITE;
/*!40000 ALTER TABLE `bmw_servicecar` DISABLE KEYS */;
INSERT INTO `bmw_servicecar` VALUES (1,'guo','4s-1',NULL),(2,'cheng','4s-2',NULL),(3,'huo','4s-3',NULL),(4,'zhao','4s-4',NULL);
/*!40000 ALTER TABLE `bmw_servicecar` ENABLE KEYS */;
UNLOCK TABLES;

--
-- Table structure for table `bmw_subscribe`
--

DROP TABLE IF EXISTS `bmw_subscribe`;
/*!40101 SET @saved_cs_client     = @@character_set_client */;
/*!40101 SET character_set_client = utf8 */;
CREATE TABLE `bmw_subscribe` (
  `id` int(10) unsigned NOT NULL AUTO_INCREMENT,
  `content` text CHARACTER SET utf8 NOT NULL,
  PRIMARY KEY (`id`)
) ENGINE=InnoDB AUTO_INCREMENT=5 DEFAULT CHARSET=latin1;
/*!40101 SET character_set_client = @saved_cs_client */;

--
-- Dumping data for table `bmw_subscribe`
--

LOCK TABLES `bmw_subscribe` WRITE;
/*!40000 ALTER TABLE `bmw_subscribe` DISABLE KEYS */;
INSERT INTO `bmw_subscribe` VALUES (1,'欢迎您来关注宝马4s保养!\r\n我们的网站：http://121.42.31.5/bmw\r\n回复1，预定预定查询！\r\n回复2，个人网址的查询！\r\n回复3，查询项目!\r\n回复“图片”，查看我们的文章\r\n回复“订单号”+“#”，查看订单状态');
/*!40000 ALTER TABLE `bmw_subscribe` ENABLE KEYS */;
UNLOCK TABLES;

--
-- Table structure for table `bmw_user_detail`
--

DROP TABLE IF EXISTS `bmw_user_detail`;
/*!40101 SET @saved_cs_client     = @@character_set_client */;
/*!40101 SET character_set_client = utf8 */;
CREATE TABLE `bmw_user_detail` (
  `id` int(10) unsigned NOT NULL AUTO_INCREMENT,
  `phone` char(255) NOT NULL,
  `username` char(255) NOT NULL,
  `car_id` char(255) NOT NULL,
  `wid` char(255) NOT NULL,
  PRIMARY KEY (`id`)
) ENGINE=InnoDB AUTO_INCREMENT=19 DEFAULT CHARSET=utf8;
/*!40101 SET character_set_client = @saved_cs_client */;

--
-- Dumping data for table `bmw_user_detail`
--

LOCK TABLES `bmw_user_detail` WRITE;
/*!40000 ALTER TABLE `bmw_user_detail` DISABLE KEYS */;
INSERT INTO `bmw_user_detail` VALUES (5,'15652943774','霍晓成','asdfas','fdsaf'),(7,'erwqe','ghgjfgf','werweq','sfcdsa');
/*!40000 ALTER TABLE `bmw_user_detail` ENABLE KEYS */;
UNLOCK TABLES;

--
-- Table structure for table `bmw_uwechat`
--

DROP TABLE IF EXISTS `bmw_uwechat`;
/*!40101 SET @saved_cs_client     = @@character_set_client */;
/*!40101 SET character_set_client = utf8 */;
CREATE TABLE `bmw_uwechat` (
  `id` int(10) unsigned NOT NULL AUTO_INCREMENT,
  `usernum` text CHARACTER SET utf8 NOT NULL,
  `content` text CHARACTER SET utf8 NOT NULL,
  `time` int(11) NOT NULL,
  PRIMARY KEY (`id`)
) ENGINE=InnoDB AUTO_INCREMENT=38 DEFAULT CHARSET=latin1;
/*!40101 SET character_set_client = @saved_cs_client */;

--
-- Dumping data for table `bmw_uwechat`
--

LOCK TABLES `bmw_uwechat` WRITE;
/*!40000 ALTER TABLE `bmw_uwechat` DISABLE KEYS */;
INSERT INTO `bmw_uwechat` VALUES (22,'b011UWhzeGxaNGpTTU9DLUdpcDhlTndVUjQwbw==','1',1427293546),(23,'b011UWhzeGxaNGpTTU9DLUdpcDhlTndVUjQwbw==','1',1427294132),(24,'b011UWhzeGxaNGpTTU9DLUdpcDhlTndVUjQwbw==','图片',1427301481),(25,'b011UWhzeGxaNGpTTU9DLUdpcDhlTndVUjQwbw==','',1427302017),(26,'b011UWhzeGxaNGpTTU9DLUdpcDhlTndVUjQwbw==','',1427302195),(27,'b011UWhzeGxaNGpTTU9DLUdpcDhlTndVUjQwbw==','1',1427302207),(28,'b011UWhzeGxaNGpTTU9DLUdpcDhlTndVUjQwbw==','图片',1427302223),(29,'b011UWhzeGxaNGpTTU9DLUdpcDhlTndVUjQwbw==','1',1427302378),(30,'b011UWhzeGxaNGpTTU9DLUdpcDhlTndVUjQwbw==','2',1427302475),(31,'b011UWhzeGxaNGpTTU9DLUdpcDhlTndVUjQwbw==','',1427302563),(32,'b011UWhzeGxaNGpTTU9DLUdpcDhlTndVUjQwbw==','',1427302577),(33,'b011UWhzeGxaNGpTTU9DLUdpcDhlTndVUjQwbw==','1',1427302592),(34,'b011UWhzeGxaNGpTTU9DLUdpcDhlTndVUjQwbw==','3',1427302600),(35,'b011UWhzenFRajFvc081WVRxOUJPZ1JHUzllOA==','',1427332774),(36,'b011UWhzenFRajFvc081WVRxOUJPZ1JHUzllOA==','',1427332782),(37,'b011UWhzeGxaNGpTTU9DLUdpcDhlTndVUjQwbw==','',1427334749);
/*!40000 ALTER TABLE `bmw_uwechat` ENABLE KEYS */;
UNLOCK TABLES;

--
-- Table structure for table `bmw_wechat`
--

DROP TABLE IF EXISTS `bmw_wechat`;
/*!40101 SET @saved_cs_client     = @@character_set_client */;
/*!40101 SET character_set_client = utf8 */;
CREATE TABLE `bmw_wechat` (
  `id` int(8) unsigned NOT NULL AUTO_INCREMENT,
  `keyword` char(255) CHARACTER SET utf8 DEFAULT NULL,
  `content` text CHARACTER SET utf8,
  PRIMARY KEY (`id`)
) ENGINE=InnoDB AUTO_INCREMENT=6 DEFAULT CHARSET=latin1;
/*!40101 SET character_set_client = @saved_cs_client */;

--
-- Dumping data for table `bmw_wechat`
--

LOCK TABLES `bmw_wechat` WRITE;
/*!40000 ALTER TABLE `bmw_wechat` DISABLE KEYS */;
INSERT INTO `bmw_wechat` VALUES (1,'1','哈喽!亲爱的'),(2,'2','要不要吃麻辣烫'),(4,'3','你是我的小宝贝啊'),(5,'5','哈哈哈哈哈哈哈哈');
/*!40000 ALTER TABLE `bmw_wechat` ENABLE KEYS */;
UNLOCK TABLES;
/*!40103 SET TIME_ZONE=@OLD_TIME_ZONE */;

/*!40101 SET SQL_MODE=@OLD_SQL_MODE */;
/*!40014 SET FOREIGN_KEY_CHECKS=@OLD_FOREIGN_KEY_CHECKS */;
/*!40014 SET UNIQUE_CHECKS=@OLD_UNIQUE_CHECKS */;
/*!40101 SET CHARACTER_SET_CLIENT=@OLD_CHARACTER_SET_CLIENT */;
/*!40101 SET CHARACTER_SET_RESULTS=@OLD_CHARACTER_SET_RESULTS */;
/*!40101 SET COLLATION_CONNECTION=@OLD_COLLATION_CONNECTION */;
/*!40111 SET SQL_NOTES=@OLD_SQL_NOTES */;

-- Dump completed on 2015-03-26 18:04:03
